,word,word length,number of solutions,1,2,3,4,5,6,7,8,9,10,11,12,13,14,15,16,17,18,19,20,21,22,23,24,25,26,27,28,29,30,31,32,33,34,35,36,37,38,39,40,41,42,43,44,45,46,47,48,49,50,51,52,53,54,55,56,57,58,59,60,61,62,63,64,65,66,67,68,69,70,71,72,73,74,75,76,77,78,79,80,81,82,83,84,85,86,87,88,89,90,91,92,93,94,95,96,97,98,99,100,101,102,103,104,105,106,107,108,109,110,111,112,113,114,115,116,117,118,119,120,121,122,123,124,125,126,127,128,129,130,131,132,133,134,135,136,137,138,139,140,141,142,143,144,145,146,147,148,149,150,151,152,153,154,155,156,157,158,159,160,161,162,163,164,165,166,167,168,169,170,171,172,173,174,175,176,177,178,179,180,181,182,183,184,185,186,187,188,189,190,191,192,193,194,195,196,197,198,199,200,201,202,203,204,205,206,207,208,209,210,211,212,213,214,215,216,217,218,219,220,221,222,223,224,225,226,227,228,229,230,231,232,233,234,235,236,237,238,239,240,241,242,243,244,245,246,247,248,249,250,251,252,253,254,255,256,257,258,259,260,261,262,263,264,265,266,267,268,269,270,271,272,273,274,275,276,277,278,279,280,281,282,283,284,285,286,287,288,289,290,291,292,293,294,295,296,297,298,299,300,301,302,303,304,305,306,307,308,309,310,311,312,313,314,315,316,317,318,319,320,321,322,323,324,325,326,327,328,329,330,331,332,333,334,335,336,337,338,339,340,341,342,343,344,345,346,347,348,349,350,351,352,353,354,355,356,357,358,359,360,361,362,363,364,365,366,367,368,369,370,371,372,373,374,375,376,377,378,379,380,381,382,383,384,385,386,387,388,389,390,391,392,393,394,395,396,397,398,399,400,401,402,403,404,405,406,407,408,409,410,411,412,413,414,415,416,417,418,419,420,421,422,423,424,425,426,427,428,429
1,typewriter,10,152,I,ER,ET,IT,PE,PI,RE,TI,WE,YE,ERE,ERR,EWE,EYE,IRE,PEE,PER,PET,PEW,PIE,PIT,PRY,PYE,REE,REI,REP,RET,RIP,RYE,TEE,TET,TEW,TIE,TIP,TIT,TRY,TYE,WEE,WET,WIT,WRY,WYE,YEP,YET,YEW,YIP,EERY,EWER,EYER,EYRE,PEER,PERE,PERI,PERT,PIER,PITY,PREE,PREY,PYRE,RETE,RIPE,RITE,TIER,TIRE,TREE,TRET,TREY,TRIP,TWEE,TWIT,TYEE,TYER,TYPE,TYRE,WEEP,WEER,WEET,WEIR,WEPT,WERE,WERT,WIPE,WIRE,WIRY,WITE,WRIT,WYTE,YETI,YETT,YIPE,YIRR,EYRIE,EYRIR,PEERY,PERRY,PETER,PETIT,PETTI,PETTY,PEWIT,PIETY,PRIER,PRYER,RETIE,RETRY,REWET,RIPER,TERRY,TETRI,TITER,TITRE,TRIER,TRIPE,TRITE,TWEET,TWERP,TWIER,TWIRP,TWYER,WEEPY,WIPER,WIRER,WITTY,WRIER,WRITE,WRYER,PEEWIT,PERTER,PETITE,PETTER,PEWTER,PRETTY,PREYER,PYRITE,RETIRE,RETYPE,REWIRE,RITTER,TERRET,TERRIT,TRITER,TYPIER,WETTER,WRITER,PETTIER,PREWIRE,REWRITE,YPERITE,PRETERIT,PRETTIER,TYPEWRITE,TYPEWRITER,,,,,,,,,,,,,,,,,,,,,,,,,,,,,,,,,,,,,,,,,,,,,,,,,,,,,,,,,,,,,,,,,,,,,,,,,,,,,,,,,,,,,,,,,,,,,,,,,,,,,,,,,,,,,,,,,,,,,,,,,,,,,,,,,,,,,,,,,,,,,,,,,,,,,,,,,,,,,,,,,,,,,,,,,,,,,,,,,,,,,,,,,,,,,,,,,,,,,,,,,,,,,,,,,,,,,,,,,,,,,,,,,,,,,,,,,,,,,,,,,,,,,,,,,,,,,,,,,,,,,,,,,,,,,,,,,,,,,
2,reliable,8,123,A,I,AB,AE,AI,AL,AR,BA,BE,BI,EL,ER,LA,LI,RE,AIL,AIR,ALB,ALE,ALL,ARB,ARE,BAL,BAR,BEE,BEL,BRA,EAR,EEL,ELL,ERA,ERE,ILL,IRE,LAB,LAR,LEA,LEE,LEI,LIB,LIE,RAI,REB,REE,REI,RIA,RIB,ABLE,ABRI,ALEE,ARIL,BAIL,BALE,BALL,BARE,BEAR,BEER,BELL,BIER,BILE,BILL,BIRL,BLAE,BRAE,BREE,BRIE,EARL,ILEA,LAIR,LARI,LEAL,LEAR,LEER,LIAR,LIER,LIRA,LIRE,RAIL,RALE,REAL,REEL,RIAL,RIEL,RILE,RILL,ABELE,ABLER,AERIE,ALLEE,ARIEL,BALER,BELIE,BELLE,BIRLE,BLARE,BLEAR,BRAIL,BRILL,ILEAL,ILLER,LABEL,LAREE,LIBEL,LIBER,LIBRA,REBEL,RILLE,ALIBLE,BAILEE,BAILER,BALLER,BELIER,BILLER,LABILE,LIABLE,LIBRAE,REBILL,BRAILLE,LABELER,LIBELER,LIBERAL,RELABEL,RELIABLE,,,,,,,,,,,,,,,,,,,,,,,,,,,,,,,,,,,,,,,,,,,,,,,,,,,,,,,,,,,,,,,,,,,,,,,,,,,,,,,,,,,,,,,,,,,,,,,,,,,,,,,,,,,,,,,,,,,,,,,,,,,,,,,,,,,,,,,,,,,,,,,,,,,,,,,,,,,,,,,,,,,,,,,,,,,,,,,,,,,,,,,,,,,,,,,,,,,,,,,,,,,,,,,,,,,,,,,,,,,,,,,,,,,,,,,,,,,,,,,,,,,,,,,,,,,,,,,,,,,,,,,,,,,,,,,,,,,,,,,,,,,,,,,,,,,,,,,,,,,,,,,,,,
3,examine,7,61,A,I,AE,AI,AM,AN,AX,EM,EN,EX,IN,MA,ME,MI,NA,NE,XI,AIM,AIN,AMI,ANE,ANI,AXE,EME,MAE,MAN,MAX,MEN,MIX,NAE,NAM,NEE,NIM,NIX,AMEN,AMIE,AMIN,EXAM,MAIN,MANE,MAXI,MEAN,MIEN,MINA,MINE,MINX,NAME,NEEM,NEMA,NIXE,AMINE,ANIME,AXMEN,ENEMA,EXINE,MINAE,XENIA,AXEMEN,EXAMEN,MEANIE,EXAMINE,,,,,,,,,,,,,,,,,,,,,,,,,,,,,,,,,,,,,,,,,,,,,,,,,,,,,,,,,,,,,,,,,,,,,,,,,,,,,,,,,,,,,,,,,,,,,,,,,,,,,,,,,,,,,,,,,,,,,,,,,,,,,,,,,,,,,,,,,,,,,,,,,,,,,,,,,,,,,,,,,,,,,,,,,,,,,,,,,,,,,,,,,,,,,,,,,,,,,,,,,,,,,,,,,,,,,,,,,,,,,,,,,,,,,,,,,,,,,,,,,,,,,,,,,,,,,,,,,,,,,,,,,,,,,,,,,,,,,,,,,,,,,,,,,,,,,,,,,,,,,,,,,,,,,,,,,,,,,,,,,,,,,,,,,,,,,,,,,,,,,,,,,,,,,,,,,,,,,,,,,,,,,,,,
4,possible,8,169,I,BE,BI,BO,EL,ES,IS,LI,LO,OE,OI,OP,OS,PE,PI,SI,SO,BEL,BES,BIO,BIS,BOP,BOS,ELS,ESS,LEI,LES,LIB,LIE,LIP,LIS,LOB,LOP,OBE,OBI,OES,OIL,OLE,OPE,OPS,OSE,PES,PIE,PIS,POI,POL,PSI,SEI,SEL,SIB,SIP,SIS,SOB,SOL,SOP,SOS,BELS,BILE,BIOS,BISE,BLIP,BOIL,BOLE,BOPS,BOSS,EPOS,ISLE,LEIS,LESS,LIBS,LIES,LIPE,LIPS,LISP,LOBE,LOBS,LOPE,LOPS,LOSE,LOSS,OBES,OBIS,OILS,OLES,OPES,OSES,PESO,PIES,PILE,PISO,PISS,PLEB,PLIE,POIS,POLE,POLS,POSE,PSIS,SEIS,SELS,SIBS,SILO,SIPE,SIPS,SLIP,SLOB,SLOE,SLOP,SOBS,SOIL,SOLE,SOLI,SOLS,SOPS,BILES,BISES,BLESS,BLIPS,BLISS,BOILS,BOLES,ISLES,LESBO,LISPS,LOBES,LOESS,LOPES,LOSES,OBELI,PESOS,PILES,PISOS,PLEBS,PLIES,POISE,POLES,POLIS,POSES,POSSE,SILOS,SIPES,SLIPE,SLIPS,SLOBS,SLOES,SLOPE,SLOPS,SOILS,SOLEI,SOLES,SPEIL,SPIEL,SPIES,SPILE,SPOIL,LESBOS,PILOSE,PLISSE,POISES,POLEIS,POLIES,POSIES,SLIPES,SLOPES,SPEILS,SPIELS,SPILES,SPOILS,POSSIBLE,,,,,,,,,,,,,,,,,,,,,,,,,,,,,,,,,,,,,,,,,,,,,,,,,,,,,,,,,,,,,,,,,,,,,,,,,,,,,,,,,,,,,,,,,,,,,,,,,,,,,,,,,,,,,,,,,,,,,,,,,,,,,,,,,,,,,,,,,,,,,,,,,,,,,,,,,,,,,,,,,,,,,,,,,,,,,,,,,,,,,,,,,,,,,,,,,,,,,,,,,,,,,,,,,,,,,,,,,,,,,,,,,,,,,,,,,,,,,,,,,,,,,,,,,,,,,,,,,,,,
5,category,8,190,A,AE,AG,AR,AT,AY,ER,ET,GO,OE,OR,OY,RE,TA,TO,YA,YE,YO,ACE,ACT,AGE,AGO,ARC,ARE,ART,ATE,AYE,CAR,CAT,CAY,COG,COR,COT,COY,CRY,EAR,EAT,EGO,ERA,ERG,ETA,GAE,GAR,GAT,GAY,GET,GEY,GOA,GOR,GOT,GOY,OAR,OAT,OCA,ORA,ORC,ORE,ORT,RAG,RAT,RAY,REC,REG,RET,ROC,ROE,ROT,RYA,RYE,TAE,TAG,TAO,TAR,TEA,TEG,TOE,TOG,TOR,TOY,TRY,TYE,YAG,YAR,YEA,YET,ACRE,AERO,AERY,AGER,ARCO,ARTY,CAGE,CAGY,CARE,CART,CATE,CERO,COAT,CORE,CORY,COTE,CRAG,ERGO,EYRA,GATE,GEAR,GETA,GOAT,GOER,GORE,GORY,GRAT,GRAY,GREY,GROT,GYRE,GYRO,OGRE,ORCA,ORGY,OYER,RACE,RACY,RAGE,RATE,RATO,ROTA,ROTE,RYOT,TACE,TACO,TARE,TARO,TEAR,TOEA,TOGA,TORA,TORC,TORE,TORY,TRAY,TREY,TROG,TROY,TYER,TYRE,TYRO,YARE,YEAR,YOGA,YORE,ACTOR,ARGOT,CAGER,CAGEY,CARET,CARGO,CARTE,CATER,COYER,CRATE,ERGOT,GATER,GATOR,GAYER,GRACE,GRATE,GREAT,GROAT,OATER,OCREA,ORATE,REACT,RECTA,RECTO,RETAG,TARGE,TAROC,TEARY,TERGA,TOGAE,TOYER,TRACE,YAGER,COATER,GAROTE,GYRATE,ORGEAT,RECOAT,CATEGORY,,,,,,,,,,,,,,,,,,,,,,,,,,,,,,,,,,,,,,,,,,,,,,,,,,,,,,,,,,,,,,,,,,,,,,,,,,,,,,,,,,,,,,,,,,,,,,,,,,,,,,,,,,,,,,,,,,,,,,,,,,,,,,,,,,,,,,,,,,,,,,,,,,,,,,,,,,,,,,,,,,,,,,,,,,,,,,,,,,,,,,,,,,,,,,,,,,,,,,,,,,,,,,,,,,,,,,,,,,,,,,,,,,,,,,,,,,,,,,,
6,solution,8,153,I,IN,IS,IT,LI,LO,NO,NU,OI,ON,OS,SI,SO,TI,TO,UN,US,UT,INS,ION,ITS,LIN,LIS,LIT,LOO,LOT,NIL,NIT,NOO,NOS,NOT,NUS,NUT,OIL,ONO,ONS,OOT,OUT,SIN,SIT,SOL,SON,SOT,SOU,SUN,TIL,TIN,TIS,TON,TOO,TUI,TUN,UNS,UTS,INTO,IONS,LINO,LINS,LINT,LION,LIST,LITS,LITU,LOIN,LOON,LOOS,LOOT,LOST,LOTI,LOTS,LOUT,LUNT,LUST,NILS,NITS,NOIL,NOLO,NOUS,NUTS,OILS,OLIO,ONOS,ONTO,ONUS,OOTS,OUST,OUTS,SILO,SILT,SLIT,SLOT,SLUT,SNIT,SNOT,SOIL,SOLI,SOLO,SOON,SOOT,SOUL,STUN,SUIT,TILS,TINS,TOIL,TOLU,TONS,TOOL,TOON,TUIS,TUNS,UNIT,UNTO,LINOS,LINTS,LIONS,LOINS,LOONS,LOOTS,LOTOS,LOTUS,LOUIS,LOUTS,LUNTS,NOILS,NOLOS,OLIOS,SNOOL,SNOOT,SNOUT,SOLON,SOTOL,STOOL,SUINT,TOILS,TOLUS,TONUS,TOOLS,TOONS,UNITS,UNLIT,UNTIL,INSOUL,INSULT,LOTION,OUTSIN,SOLION,STOLON,SUNLIT,TONSIL,LOTIONS,SOLITON,SOLUTION,,,,,,,,,,,,,,,,,,,,,,,,,,,,,,,,,,,,,,,,,,,,,,,,,,,,,,,,,,,,,,,,,,,,,,,,,,,,,,,,,,,,,,,,,,,,,,,,,,,,,,,,,,,,,,,,,,,,,,,,,,,,,,,,,,,,,,,,,,,,,,,,,,,,,,,,,,,,,,,,,,,,,,,,,,,,,,,,,,,,,,,,,,,,,,,,,,,,,,,,,,,,,,,,,,,,,,,,,,,,,,,,,,,,,,,,,,,,,,,,,,,,,,,,,,,,,,,,,,,,,,,,,,,,,,,,,,,,
7,verbal,6,58,A,AB,AE,AL,AR,BA,BE,EL,ER,LA,RE,ALB,ALE,ARB,ARE,AVE,BAL,BAR,BEL,BRA,EAR,ERA,LAB,LAR,LAV,LEA,LEV,REB,REV,VAR,ABLE,AVER,BALE,BARE,BEAR,BLAE,BRAE,EARL,LAVE,LEAR,LEVA,RALE,RAVE,REAL,VALE,VEAL,VELA,VERA,VERB,ABLER,BALER,BLARE,BLEAR,BRAVE,LAVER,RAVEL,VELAR,VERBAL,,,,,,,,,,,,,,,,,,,,,,,,,,,,,,,,,,,,,,,,,,,,,,,,,,,,,,,,,,,,,,,,,,,,,,,,,,,,,,,,,,,,,,,,,,,,,,,,,,,,,,,,,,,,,,,,,,,,,,,,,,,,,,,,,,,,,,,,,,,,,,,,,,,,,,,,,,,,,,,,,,,,,,,,,,,,,,,,,,,,,,,,,,,,,,,,,,,,,,,,,,,,,,,,,,,,,,,,,,,,,,,,,,,,,,,,,,,,,,,,,,,,,,,,,,,,,,,,,,,,,,,,,,,,,,,,,,,,,,,,,,,,,,,,,,,,,,,,,,,,,,,,,,,,,,,,,,,,,,,,,,,,,,,,,,,,,,,,,,,,,,,,,,,,,,,,,,,,,,,,,,,,,,,,,,,
8,certain,7,160,A,I,AE,AI,AN,AR,AT,EN,ER,ET,IN,IT,NA,NE,RE,TA,TI,ACE,ACT,AIN,AIR,AIT,ANE,ANI,ANT,ARC,ARE,ART,ATE,CAN,CAR,CAT,EAR,EAT,ERA,ERN,ETA,ICE,IRE,NAE,NET,NIT,RAI,RAN,RAT,REC,REI,RET,RIA,RIN,TAE,TAN,TAR,TEA,TEN,TIC,TIE,TIN,ACNE,ACRE,AIRN,AIRT,ANTE,ANTI,CAIN,CANE,CANT,CARE,CARN,CART,CATE,CENT,CINE,CIRE,CITE,CRIT,EARN,ETIC,ETNA,NARC,NEAR,NEAT,NICE,NITE,RACE,RAIN,RANI,RANT,RATE,REIN,RENT,RICE,RITE,TACE,TAIN,TARE,TARN,TEAR,TERN,TIER,TINE,TIRE,ACTIN,ANTIC,ANTRE,AREIC,CAIRN,CANER,CARET,CARTE,CATER,CERIA,CITER,CRANE,CRATE,ENACT,ENTIA,ERICA,INERT,INTER,IRATE,NACRE,NARIC,NICER,NITER,NITRE,RANCE,REACT,RECIT,RECTA,RECTI,RETIA,RIANT,TENIA,TERAI,TINEA,TRACE,TRAIN,TRIAC,TRICE,TRINE,ACETIN,CANTER,CARNET,CARNIE,CENTAI,CENTRA,CRETIN,ENATIC,NECTAR,RATINE,RECANT,RETAIN,RETINA,TANREC,TRANCE,CERATIN,CERTAIN,CREATIN,TACRINE,,,,,,,,,,,,,,,,,,,,,,,,,,,,,,,,,,,,,,,,,,,,,,,,,,,,,,,,,,,,,,,,,,,,,,,,,,,,,,,,,,,,,,,,,,,,,,,,,,,,,,,,,,,,,,,,,,,,,,,,,,,,,,,,,,,,,,,,,,,,,,,,,,,,,,,,,,,,,,,,,,,,,,,,,,,,,,,,,,,,,,,,,,,,,,,,,,,,,,,,,,,,,,,,,,,,,,,,,,,,,,,,,,,,,,,,,,,,,,,,,,,,,,,,,,,,,,,,,,,,,,,,,,,,,
9,familiar,8,88,A,I,AA,AI,AL,AM,AR,FA,IF,LA,LI,MA,MI,AAL,AIL,AIM,AIR,ALA,AMA,AMI,ARF,ARM,FAR,FIL,FIR,LAM,LAR,MAR,MIL,MIR,RAI,RAM,RIA,RIF,RIM,AFAR,ALAR,ALFA,ALIF,ALMA,AMIA,AMIR,ARIA,ARIL,FAIL,FAIR,FARL,FARM,FIAR,FILA,FILM,FIRM,FLAM,FLIR,ILIA,LAIR,LAMA,LARI,LIAR,LIMA,LIRA,LIRI,MAAR,MAIL,MAIR,MARA,MARL,MIRI,RAIA,RAIL,RAMI,RIAL,AALII,ALARM,FILAR,FILMI,FLAIR,FRAIL,LAARI,LAMIA,MAFIA,MALAR,MARIA,MILIA,RAMAL,AIRMAIL,FILARIA,FAMILIAR,,,,,,,,,,,,,,,,,,,,,,,,,,,,,,,,,,,,,,,,,,,,,,,,,,,,,,,,,,,,,,,,,,,,,,,,,,,,,,,,,,,,,,,,,,,,,,,,,,,,,,,,,,,,,,,,,,,,,,,,,,,,,,,,,,,,,,,,,,,,,,,,,,,,,,,,,,,,,,,,,,,,,,,,,,,,,,,,,,,,,,,,,,,,,,,,,,,,,,,,,,,,,,,,,,,,,,,,,,,,,,,,,,,,,,,,,,,,,,,,,,,,,,,,,,,,,,,,,,,,,,,,,,,,,,,,,,,,,,,,,,,,,,,,,,,,,,,,,,,,,,,,,,,,,,,,,,,,,,,,,,,,,,,,,,,,,,,,,,,,,
10,nature,6,69,A,AE,AN,AR,AT,EN,ER,ET,NA,NE,NU,RE,TA,UN,UT,ANE,ANT,ARE,ART,ATE,EAR,EAT,EAU,ERA,ERN,ETA,NAE,NET,NUT,RAN,RAT,RET,RUE,RUN,RUT,TAE,TAN,TAR,TAU,TEA,TEN,TUN,URN,UTA,UTE,ANTE,AUNT,EARN,ETNA,NEAR,NEAT,RANT,RATE,RENT,RUNE,RUNT,TARE,TARN,TEAR,TERN,TRUE,TUNA,TUNE,TURN,UREA,ANTRE,TUNER,URATE,NATURE,,,,,,,,,,,,,,,,,,,,,,,,,,,,,,,,,,,,,,,,,,,,,,,,,,,,,,,,,,,,,,,,,,,,,,,,,,,,,,,,,,,,,,,,,,,,,,,,,,,,,,,,,,,,,,,,,,,,,,,,,,,,,,,,,,,,,,,,,,,,,,,,,,,,,,,,,,,,,,,,,,,,,,,,,,,,,,,,,,,,,,,,,,,,,,,,,,,,,,,,,,,,,,,,,,,,,,,,,,,,,,,,,,,,,,,,,,,,,,,,,,,,,,,,,,,,,,,,,,,,,,,,,,,,,,,,,,,,,,,,,,,,,,,,,,,,,,,,,,,,,,,,,,,,,,,,,,,,,,,,,,,,,,,,,,,,,,,,,,,,,,,,,,,,,,,,,,,,,,,,
11,generate,8,143,A,AE,AG,AN,AR,AT,EN,ER,ET,NA,NE,RE,TA,AGE,ANE,ANT,ARE,ART,ATE,EAR,EAT,ENG,ERA,ERE,ERG,ERN,ETA,GAE,GAN,GAR,GAT,GEE,GEN,GET,NAE,NAG,NEE,NEG,NET,RAG,RAN,RAT,REE,REG,RET,TAE,TAG,TAN,TAR,TEA,TEE,TEG,TEN,AGEE,AGER,ANTE,EARN,EGER,ERNE,ETNA,GAEN,GANE,GATE,GEAR,GENE,GENT,GETA,GNAR,GNAT,GRAN,GRAT,GREE,NEAR,NEAT,RAGE,RANG,RANT,RATE,RENT,RETE,TANG,TARE,TARN,TEAR,TEEN,TERN,TREE,AGENE,AGENT,AGREE,ANGER,ANTRE,ARENE,ARETE,EAGER,EAGRE,EATEN,EATER,EGRET,ENATE,ENTER,GATER,GENET,GENRE,GRANT,GRATE,GREAT,GREEN,GREET,RAGEE,RANEE,RANGE,REGNA,RENTE,RETAG,TARGE,TENGE,TERGA,TERNE,TREEN,ARGENT,ENRAGE,ENTERA,ENTREE,ERGATE,ETERNE,GARNET,GENERA,GERENT,NEATER,NEGATE,REGENT,RENEGE,RETENE,TEENER,ETAGERE,GRANTEE,GREATEN,NEGATER,REAGENT,TEENAGE,GENERATE,TEENAGER,,,,,,,,,,,,,,,,,,,,,,,,,,,,,,,,,,,,,,,,,,,,,,,,,,,,,,,,,,,,,,,,,,,,,,,,,,,,,,,,,,,,,,,,,,,,,,,,,,,,,,,,,,,,,,,,,,,,,,,,,,,,,,,,,,,,,,,,,,,,,,,,,,,,,,,,,,,,,,,,,,,,,,,,,,,,,,,,,,,,,,,,,,,,,,,,,,,,,,,,,,,,,,,,,,,,,,,,,,,,,,,,,,,,,,,,,,,,,,,,,,,,,,,,,,,,,,,,,,,,,,,,,,,,,,,,,,,,,,,,,,,,,,
12,collection,10,177,I,EL,EN,ET,IN,IT,LI,LO,NE,NO,OE,OI,ON,TI,TO,CEL,COL,CON,COO,COT,ELL,EON,ICE,ILL,ION,LEI,LET,LIE,LIN,LIT,LOO,LOT,NET,NIL,NIT,NOO,NOT,OIL,OLE,ONE,ONO,OOT,TEL,TEN,TIC,TIE,TIL,TIN,TOE,TON,TOO,CEIL,CELL,CELT,CENT,CINE,CION,CITE,CLON,CLOT,COCO,COIL,COIN,COLE,COLT,CONE,CONI,COOL,COON,COOT,COTE,ENOL,ETIC,ICON,INTO,LENO,LENT,LICE,LIEN,LILO,LILT,LINE,LINO,LINT,LION,LITE,LOCI,LOCO,LOIN,LONE,LOON,LOOT,LOTI,NICE,NILL,NITE,NOEL,NOIL,NOLO,NOTE,OLEO,OLIO,ONCE,ONTO,OTIC,TELL,TILE,TILL,TINE,TOIL,TOLE,TOLL,TONE,TOOL,TOON,CELLI,CELLO,CENTO,CLINE,CLONE,CLOOT,COLIC,COLIN,COLON,CONIC,CONTE,CONTO,ELINT,ELOIN,INLET,LENTO,LOOIE,LOTIC,NICOL,OLEIC,OLEIN,ONCET,ONTIC,TELCO,TELIC,TELOI,TOILE,TONIC,CINEOL,CITOLE,CLIENT,CLONIC,COLLET,COLLIE,COLONE,COLONI,COOLIE,COOTIE,ENOLIC,ENTOIL,LECTIN,LENTIC,LENTIL,LINTEL,LINTOL,LOONIE,LOTION,NIELLO,NOETIC,NOTICE,OCELLI,OCELOT,OOLITE,TOONIE,COLLECT,COLONEL,COLONIC,CONCEIT,COONTIE,LECTION,COTILLON,COLLECTION,,,,,,,,,,,,,,,,,,,,,,,,,,,,,,,,,,,,,,,,,,,,,,,,,,,,,,,,,,,,,,,,,,,,,,,,,,,,,,,,,,,,,,,,,,,,,,,,,,,,,,,,,,,,,,,,,,,,,,,,,,,,,,,,,,,,,,,,,,,,,,,,,,,,,,,,,,,,,,,,,,,,,,,,,,,,,,,,,,,,,,,,,,,,,,,,,,,,,,,,,,,,,,,,,,,,,,,,,,,,,,,,,,,,,,,,,,,,,,,,,,,,,,,,,,,,
13,present,7,120,EN,ER,ES,ET,NE,PE,RE,ENS,ERE,ERN,ERS,NEE,NET,PEE,PEN,PER,PES,PET,PST,REE,REP,RES,RET,SEE,SEN,SER,SET,TEE,TEN,ERNE,ERNS,ERST,ESNE,NEEP,NEST,NETS,PEEN,PEER,PEES,PENS,PENT,PERE,PERT,PEST,PETS,PREE,REES,RENT,REPS,REST,RETE,RETS,SEEN,SEEP,SEER,SENE,SENT,SEPT,SERE,STEP,TEEN,TEES,TENS,TERN,TREE,TRES,ENTER,ERNES,ESTER,NEEPS,NERTS,PEENS,PEERS,PENES,PERES,PERSE,PETER,PREEN,PREES,PRESE,PREST,REEST,RENTE,RENTS,RESET,SENTE,SNEER,SPEER,SPENT,SPREE,STEEP,STEER,STERE,STERN,STREP,TEENS,TENSE,TERNE,TERNS,TERSE,TREEN,TREES,ENTERS,NESTER,PESTER,PETERS,PREENS,PRESET,RENEST,RENTES,REPENT,RESENT,SPRENT,TENSER,TERNES,TREENS,PENSTER,PRESENT,REPENTS,SERPENT,,,,,,,,,,,,,,,,,,,,,,,,,,,,,,,,,,,,,,,,,,,,,,,,,,,,,,,,,,,,,,,,,,,,,,,,,,,,,,,,,,,,,,,,,,,,,,,,,,,,,,,,,,,,,,,,,,,,,,,,,,,,,,,,,,,,,,,,,,,,,,,,,,,,,,,,,,,,,,,,,,,,,,,,,,,,,,,,,,,,,,,,,,,,,,,,,,,,,,,,,,,,,,,,,,,,,,,,,,,,,,,,,,,,,,,,,,,,,,,,,,,,,,,,,,,,,,,,,,,,,,,,,,,,,,,,,,,,,,,,,,,,,,,,,,,,,,,,,,,,,,,,,,,,,
14,forward,7,51,A,AD,AR,AW,DO,FA,OD,OF,OR,OW,WO,ADO,ARF,DAW,DOR,DOW,FAD,FAR,FOR,FRO,OAF,OAR,ODA,ORA,RAD,RAW,ROD,ROW,WAD,WAR,DORR,DRAW,FADO,FARD,FARO,FORA,FORD,FROW,ORAD,ORRA,ROAD,ROAR,WARD,WOAD,WORD,ARDOR,ARROW,DWARF,FARROW,FORWARD,FROWARD,,,,,,,,,,,,,,,,,,,,,,,,,,,,,,,,,,,,,,,,,,,,,,,,,,,,,,,,,,,,,,,,,,,,,,,,,,,,,,,,,,,,,,,,,,,,,,,,,,,,,,,,,,,,,,,,,,,,,,,,,,,,,,,,,,,,,,,,,,,,,,,,,,,,,,,,,,,,,,,,,,,,,,,,,,,,,,,,,,,,,,,,,,,,,,,,,,,,,,,,,,,,,,,,,,,,,,,,,,,,,,,,,,,,,,,,,,,,,,,,,,,,,,,,,,,,,,,,,,,,,,,,,,,,,,,,,,,,,,,,,,,,,,,,,,,,,,,,,,,,,,,,,,,,,,,,,,,,,,,,,,,,,,,,,,,,,,,,,,,,,,,,,,,,,,,,,,,,,,,,,,,,,,,,,,,,,,,,,,
15,single,6,64,I,EL,EN,ES,IN,IS,LI,NE,SI,ELS,ENG,ENS,GEL,GEN,GIE,GIN,INS,LEG,LEI,LES,LIE,LIN,LIS,NEG,NIL,SEG,SEI,SEL,SEN,SIN,EGIS,ENGS,GELS,GENS,GIEN,GIES,GINS,GLEN,ISLE,LEGS,LEIS,LENS,LIEN,LIES,LINE,LING,LINS,NEGS,NILS,SIGN,SINE,SING,GLENS,INGLE,LENIS,LIENS,LINES,LINGS,SEGNI,SENGI,SINGE,SLING,INGLES,SINGLE,,,,,,,,,,,,,,,,,,,,,,,,,,,,,,,,,,,,,,,,,,,,,,,,,,,,,,,,,,,,,,,,,,,,,,,,,,,,,,,,,,,,,,,,,,,,,,,,,,,,,,,,,,,,,,,,,,,,,,,,,,,,,,,,,,,,,,,,,,,,,,,,,,,,,,,,,,,,,,,,,,,,,,,,,,,,,,,,,,,,,,,,,,,,,,,,,,,,,,,,,,,,,,,,,,,,,,,,,,,,,,,,,,,,,,,,,,,,,,,,,,,,,,,,,,,,,,,,,,,,,,,,,,,,,,,,,,,,,,,,,,,,,,,,,,,,,,,,,,,,,,,,,,,,,,,,,,,,,,,,,,,,,,,,,,,,,,,,,,,,,,,,,,,,,,,,,,,,,,,,,,,,,
16,special,7,182,A,I,AE,AI,AL,AS,EL,ES,IS,LA,LI,PA,PE,PI,SI,ACE,AIL,AIS,ALE,ALP,ALS,APE,ASP,CAP,CEL,CEP,CIS,ELS,ICE,LAC,LAP,LAS,LEA,LEI,LES,LIE,LIP,LIS,PAC,PAL,PAS,PEA,PEC,PES,PIA,PIC,PIE,PIS,PSI,SAC,SAE,SAL,SAP,SEA,SEC,SEI,SEL,SIC,SIP,SPA,ACES,AILS,ALEC,ALES,ALPS,APES,APSE,ASCI,CAPE,CAPS,CASE,CEIL,CELS,CEPS,CLAP,CLIP,EPIC,ICES,ILEA,ISLE,LACE,LACS,LAIC,LAPS,LASE,LEAP,LEAS,LEIS,LICE,LIES,LIPA,LIPE,LIPS,LISP,PACE,PACS,PAIL,PALE,PALS,PASE,PEAL,PEAS,PECS,PIAL,PIAS,PICA,PICE,PICS,PIES,PILE,PLEA,PLIE,SAIL,SALE,SALP,SEAL,SIAL,SICE,SIPE,SLAP,SLIP,SPAE,SPEC,SPIC,AISLE,ALECS,ASPIC,CAPES,CEILS,CLAPS,CLASP,CLIPS,EPICS,ILEAC,LACES,LAICS,LAPIS,LAPSE,LEAPS,PACES,PAILS,PAISE,PALES,PEALS,PICAL,PICAS,PILEA,PILES,PLACE,PLEAS,PLICA,PLIES,SAICE,SALEP,SALIC,SCALE,SCALP,SCAPE,SEPAL,SEPIA,SEPIC,SLICE,SLIPE,SPACE,SPAIL,SPALE,SPEIL,SPICA,SPICE,SPIEL,SPILE,APICES,EPICAL,ESPIAL,LIPASE,PLACES,PLAICE,PLICAE,SPICAE,SPLICE,PLAICES,SPECIAL,,,,,,,,,,,,,,,,,,,,,,,,,,,,,,,,,,,,,,,,,,,,,,,,,,,,,,,,,,,,,,,,,,,,,,,,,,,,,,,,,,,,,,,,,,,,,,,,,,,,,,,,,,,,,,,,,,,,,,,,,,,,,,,,,,,,,,,,,,,,,,,,,,,,,,,,,,,,,,,,,,,,,,,,,,,,,,,,,,,,,,,,,,,,,,,,,,,,,,,,,,,,,,,,,,,,,,,,,,,,,,,,,,,,,,,,,,,,,,,,,,,,,,,
17,horizontal,10,264,A,I,AH,AI,AL,AN,AR,AT,HA,HI,HO,IN,IT,LA,LI,LO,NA,NO,OH,OI,ON,OR,TA,TI,TO,ZA,AHI,AIL,AIN,AIR,AIT,ALT,ANI,ANT,ART,AZO,HAO,HAT,HIN,HIT,HON,HOT,ION,LAR,LAT,LIN,LIT,LOO,LOT,NAH,NIL,NIT,NOH,NOO,NOR,NOT,NTH,OAR,OAT,OHO,OIL,ONO,OOH,OOT,ORA,ORT,RAH,RAI,RAN,RAT,RHO,RIA,RIN,ROT,TAN,TAO,TAR,THO,TIL,TIN,TON,TOO,TOR,ZIN,ZIT,ZOA,ZOO,AIRN,AIRT,ALIT,ALTO,ANIL,ANTI,ARIL,AZON,HAIL,HAIR,HALO,HALT,HANT,HARL,HART,HILA,HILT,HINT,HOAR,HOLT,HOOT,HORA,HORN,INRO,INTO,IOTA,IRON,IZAR,LAIN,LAIR,LARI,LATH,LATI,LIAR,LINO,LINT,LION,LIRA,LOAN,LOIN,LOON,LOOT,LORN,LOTA,LOTH,LOTI,NAIL,NAOI,NAZI,NOIL,NOIR,NOLO,NORI,NOTA,OATH,OHIA,OLIO,ONTO,ORAL,ORZO,RAIL,RAIN,RANI,RANT,RATH,RATO,RIAL,RIOT,RITZ,ROAN,ROIL,ROOT,ROTA,ROTI,ROTL,ROTO,TAHR,TAIL,TAIN,TALI,TARN,TARO,THAN,THIN,THIO,THIR,THRO,TIRL,TIRO,TOIL,TOLA,TOOL,TOON,TORA,TORI,TORN,TORO,TRIO,TZAR,ZONA,ZOON,ZORI,AIRTH,ALOIN,ALTHO,AZLON,AZOTH,HAINT,HALON,HILAR,HONOR,HORAL,INTRO,LAITH,LATHI,LIROT,LITHO,LOATH,LORAN,LOTAH,NITRO,NORIA,NORTH,NOTAL,ORLON,ORTHO,RATIO,RHINO,RIANT,TALON,THIOL,THIRL,THORN,THORO,TOLAN,TOLAR,TONAL,TORAH,TRAIL,TRAIN,TRIAL,TRIOL,TRONA,TROOZ,ZONAL,ZORIL,AROINT,HARLOT,LATINO,LIROTH,LOTION,OOLITH,OORALI,RATION,RATLIN,RATOON,RHINAL,RIALTO,TAILOR,TALION,THOLOI,THORIA,THORON,TRINAL,ZOONAL,ALTHORN,HOATZIN,HORIZON,HORNITO,INTHRAL,ORATION,ORTOLAN,THIAZOL,HORNTAIL,LOTHARIO,HORIZONAL,HORIZONTAL,,,,,,,,,,,,,,,,,,,,,,,,,,,,,,,,,,,,,,,,,,,,,,,,,,,,,,,,,,,,,,,,,,,,,,,,,,,,,,,,,,,,,,,,,,,,,,,,,,,,,,,,,,,,,,,,,,,,,,,,,,,,,,,,,,,,,,,,,,,,,,,,,,,,,,,,,,,,,,,,,,,,,
18,counter,7,114,EN,ER,ET,NE,NO,NU,OE,ON,OR,RE,TO,UN,UT,CON,COR,COT,CRU,CUE,CUR,CUT,ECU,EON,ERN,NET,NOR,NOT,NUT,ONE,ORC,ORE,ORT,OUR,OUT,REC,RET,ROC,ROE,ROT,RUE,RUN,RUT,TEN,TOE,TON,TOR,TUN,URN,UTE,CENT,CERO,CONE,CORE,CORN,COTE,CUNT,CURE,CURN,CURT,CUTE,ECRU,EURO,NOTE,ONCE,RENT,ROTE,ROUE,ROUT,RUNE,RUNT,TERN,TONE,TORC,TORE,TORN,TOUR,TRUE,TUNE,TURN,UNCO,UNTO,CENTO,CENTU,CONTE,CORNU,COUNT,COURT,CRONE,CRUET,CURET,CUTER,ERUCT,NOTER,ONCET,OUNCE,OUTER,OUTRE,RECON,RECTO,RECUT,ROUEN,ROUTE,TENOR,TONER,TRONE,TRUCE,TUNER,CORNET,COUTER,CROUTE,TENOUR,CORNUTE,COUNTER,RECOUNT,TROUNCE,,,,,,,,,,,,,,,,,,,,,,,,,,,,,,,,,,,,,,,,,,,,,,,,,,,,,,,,,,,,,,,,,,,,,,,,,,,,,,,,,,,,,,,,,,,,,,,,,,,,,,,,,,,,,,,,,,,,,,,,,,,,,,,,,,,,,,,,,,,,,,,,,,,,,,,,,,,,,,,,,,,,,,,,,,,,,,,,,,,,,,,,,,,,,,,,,,,,,,,,,,,,,,,,,,,,,,,,,,,,,,,,,,,,,,,,,,,,,,,,,,,,,,,,,,,,,,,,,,,,,,,,,,,,,,,,,,,,,,,,,,,,,,,,,,,,,,,,,,,,,,,,,,,,,,,,,,,
19,limitation,10,157,A,I,AI,AL,AM,AN,AT,IN,IT,LA,LI,LO,MA,MI,MO,NA,NO,OI,OM,ON,TA,TI,TO,AIL,AIM,AIN,AIT,ALT,AMI,ANI,ANT,ATT,ION,LAM,LAT,LIN,LIT,LOT,MAN,MAT,MIL,MOA,MOL,MON,MOT,NAM,NIL,NIM,NIT,NOM,NOT,OAT,OIL,TAM,TAN,TAO,TAT,TIL,TIN,TIT,TOM,TON,TOT,ALIT,ALTO,AMIN,ANIL,ANTI,ATOM,ILIA,INIA,INTI,INTO,IOTA,LAIN,LATI,LIMA,LIMN,LIMO,LINO,LINT,LION,LOAM,LOAN,LOIN,LOTA,LOTI,MAIL,MAIN,MALT,MANO,MATT,MILO,MILT,MINA,MINI,MINT,MITT,MOAN,MOAT,MOIL,MOLA,MOLT,MOTT,NAIL,NAOI,NOIL,NOMA,NOTA,OMIT,TAIL,TAIN,TALI,TILT,TINT,TITI,TOIL,TOIT,TOLA,AIOLI,ALOIN,AMINO,AMNIO,ANIMI,ATILT,IMINO,LIMAN,LIMIT,LITAI,MATIN,MILIA,NOTAL,TAINT,TALON,TANTO,TITAN,TOLAN,TOMAN,TONAL,TOTAL,INTIMA,LATINO,LATTIN,LIMINA,MALOTI,MANITO,MATTIN,OILMAN,TALION,TITIAN,TITMAN,INITIAL,INTIMAL,MILITIA,MILITANT,IMITATION,LIMITATION,,,,,,,,,,,,,,,,,,,,,,,,,,,,,,,,,,,,,,,,,,,,,,,,,,,,,,,,,,,,,,,,,,,,,,,,,,,,,,,,,,,,,,,,,,,,,,,,,,,,,,,,,,,,,,,,,,,,,,,,,,,,,,,,,,,,,,,,,,,,,,,,,,,,,,,,,,,,,,,,,,,,,,,,,,,,,,,,,,,,,,,,,,,,,,,,,,,,,,,,,,,,,,,,,,,,,,,,,,,,,,,,,,,,,,,,,,,,,,,,,,,,,,,,,,,,,,,,,,,,,,,,,,,,,,,,
20,function,8,73,I,IF,IN,IT,NO,NU,OF,OI,ON,TI,TO,UN,UT,CON,COT,CUT,FIN,FIT,FON,FOU,FUN,INN,ION,NIT,NOT,NUN,NUT,OFT,OUT,TIC,TIN,TON,TUI,TUN,CION,COFT,COIF,COIN,CONI,CONN,CUIF,CUNT,FICO,FINO,FOCI,FOIN,FONT,FUCI,ICON,INFO,INTO,NOUN,OTIC,TOFU,UNCI,UNCO,UNIT,UNTO,CONIN,COUNT,CUTIN,FOUNT,FUTON,NITON,ONTIC,TONIC,TUNIC,UNFIT,UNION,CONFIT,NUNCIO,UNCTION,FUNCTION,,,,,,,,,,,,,,,,,,,,,,,,,,,,,,,,,,,,,,,,,,,,,,,,,,,,,,,,,,,,,,,,,,,,,,,,,,,,,,,,,,,,,,,,,,,,,,,,,,,,,,,,,,,,,,,,,,,,,,,,,,,,,,,,,,,,,,,,,,,,,,,,,,,,,,,,,,,,,,,,,,,,,,,,,,,,,,,,,,,,,,,,,,,,,,,,,,,,,,,,,,,,,,,,,,,,,,,,,,,,,,,,,,,,,,,,,,,,,,,,,,,,,,,,,,,,,,,,,,,,,,,,,,,,,,,,,,,,,,,,,,,,,,,,,,,,,,,,,,,,,,,,,,,,,,,,,,,,,,,,,,,,,,,,,,,,,,,,,,,,,,,,,,,,,,,,,,,,
21,process,7,108,ER,ES,OE,OP,OR,OS,PE,RE,SO,CEP,COP,COR,COS,ERS,ESS,OES,OPE,OPS,ORC,ORE,ORS,OSE,PEC,PER,PES,PRO,REC,REP,RES,ROC,ROE,SEC,SER,SOP,SOS,CEPS,CERO,CESS,COPE,COPS,CORE,CORS,COSS,CROP,EPOS,EROS,OPES,ORCS,ORES,OSES,PECS,PESO,PORE,POSE,PROS,RECS,REPO,REPS,ROCS,ROES,ROPE,ROSE,SCOP,SECS,SERS,SOPS,SORE,SPEC,CEROS,COPER,COPES,COPSE,CORES,CORPS,CORSE,COSES,CRESS,CROPS,CROSS,PESOS,PORES,POSER,POSES,POSSE,PRESS,PROSE,PROSS,REPOS,ROPES,ROSES,SCOPE,SCOPS,SCORE,SORES,SPECS,SPORE,COPERS,COPSES,CORPSE,CORSES,CROSSE,POSERS,PROSES,SCOPES,SCORES,SPORES,CORPSES,PROCESS,,,,,,,,,,,,,,,,,,,,,,,,,,,,,,,,,,,,,,,,,,,,,,,,,,,,,,,,,,,,,,,,,,,,,,,,,,,,,,,,,,,,,,,,,,,,,,,,,,,,,,,,,,,,,,,,,,,,,,,,,,,,,,,,,,,,,,,,,,,,,,,,,,,,,,,,,,,,,,,,,,,,,,,,,,,,,,,,,,,,,,,,,,,,,,,,,,,,,,,,,,,,,,,,,,,,,,,,,,,,,,,,,,,,,,,,,,,,,,,,,,,,,,,,,,,,,,,,,,,,,,,,,,,,,,,,,,,,,,,,,,,,,,,,,,,,,,,,,,,,,,,,,,,,,,,,,,,,,,,,,
22,musician,8,115,A,I,AI,AM,AN,AS,IN,IS,MA,MI,MU,NA,NU,SI,UM,UN,US,AIM,AIN,AIS,AMI,AMU,ANI,CAM,CAN,CIS,CUM,INS,ISM,MAC,MAN,MAS,MIC,MIS,MUN,MUS,NAM,NIM,NUS,SAC,SAU,SIC,SIM,SIN,SUM,SUN,UNS,AIMS,AINS,AMIN,AMIS,AMUS,ANIS,ANUS,ASCI,CAIN,CAMS,CANS,INIA,MACS,MAIN,MANS,MAUN,MICA,MICS,MINA,MINI,MUNI,MUNS,NIMS,NISI,SAIN,SCAM,SCAN,SCUM,SIMA,UNAI,UNCI,ACINI,AMICI,AMINS,AMNIC,ANIMI,CAINS,CUMIN,INCUS,MAINS,MANIC,MANUS,MICAS,MINAS,MINIS,MINUS,MUCIN,MUNIS,MUSCA,MUSIC,SUMAC,UMIAC,UNAIS,UNCIA,ACINUS,AMICUS,AMINIC,ANIMIS,ANIMUS,ANISIC,CASINI,CUMINS,MANICS,MUCINS,SAIMIN,SIMIAN,UMIACS,MUSICIAN,,,,,,,,,,,,,,,,,,,,,,,,,,,,,,,,,,,,,,,,,,,,,,,,,,,,,,,,,,,,,,,,,,,,,,,,,,,,,,,,,,,,,,,,,,,,,,,,,,,,,,,,,,,,,,,,,,,,,,,,,,,,,,,,,,,,,,,,,,,,,,,,,,,,,,,,,,,,,,,,,,,,,,,,,,,,,,,,,,,,,,,,,,,,,,,,,,,,,,,,,,,,,,,,,,,,,,,,,,,,,,,,,,,,,,,,,,,,,,,,,,,,,,,,,,,,,,,,,,,,,,,,,,,,,,,,,,,,,,,,,,,,,,,,,,,,,,,,,,,,,,,,,,,,,,,,,,
23,graphics,8,184,A,I,AG,AH,AI,AR,AS,HA,HI,IS,PA,PI,SH,SI,AGS,AHI,AHS,AIR,AIS,ARC,ARS,ASH,ASP,CAP,CAR,CHI,CIG,CIS,GAP,GAR,GAS,GHI,GIP,HAG,HAP,HAS,HIC,HIP,HIS,ICH,PAC,PAH,PAR,PAS,PHI,PIA,PIC,PIG,PIS,PSI,RAG,RAH,RAI,RAP,RAS,RIA,RIG,RIP,SAC,SAG,SAP,SHA,SIC,SIP,SIR,SPA,SRI,AHIS,AIRS,ARCH,ARCS,ASCI,CAPH,CAPS,CARP,CARS,CASH,CHAI,CHAP,CHAR,CHIA,CHIP,CHIS,CIGS,CRAG,CRAP,CRIS,GAPS,GARS,GASH,GASP,GHIS,GIPS,GRIP,HAGS,HAIR,HAPS,HARP,HASP,HIPS,ICHS,PACS,PAIR,PARS,PASH,PHIS,PIAS,PICA,PICS,PIGS,PISH,PRIG,RAGI,RAGS,RAIS,RAPS,RASH,RASP,RIAS,RICH,RIGS,RIPS,SARI,SCAG,SCAR,SHAG,SHIP,SHRI,SIGH,SPAR,SPIC,APHIS,APISH,ASPIC,CAPHS,CARPI,CARPS,CHAIR,CHAIS,CHAPS,CHARS,CHIAS,CHIPS,CHIRP,CIGAR,CRAGS,CRAPS,CRASH,CRISP,GIRSH,GRAPH,GRASP,GRIPS,HAIRS,HARPS,PAIRS,PARCH,PARIS,PICAS,PRIGS,RAGIS,SCARP,SCRAG,SCRAP,SCRIP,SHARP,SPAHI,SPICA,SPRAG,SPRIG,CAPRIS,CHAIRS,CHIRPS,CIGARS,GARISH,GRAPHS,PARISH,PHASIC,RACHIS,RAPHIS,SCARPH,GRAPHIC,SCRAIGH,GRAPHICS,,,,,,,,,,,,,,,,,,,,,,,,,,,,,,,,,,,,,,,,,,,,,,,,,,,,,,,,,,,,,,,,,,,,,,,,,,,,,,,,,,,,,,,,,,,,,,,,,,,,,,,,,,,,,,,,,,,,,,,,,,,,,,,,,,,,,,,,,,,,,,,,,,,,,,,,,,,,,,,,,,,,,,,,,,,,,,,,,,,,,,,,,,,,,,,,,,,,,,,,,,,,,,,,,,,,,,,,,,,,,,,,,,,,,,,,,,,,,,,,,,,,,
24,equation,8,111,A,I,AE,AI,AN,AT,EN,ET,IN,IT,NA,NE,NO,NU,OE,OI,ON,QI,TA,TI,TO,UN,UT,AIN,AIT,ANE,ANI,ANT,ATE,EAT,EAU,EON,ETA,ION,NAE,NET,NIT,NOT,NUT,OAT,ONE,OUT,QAT,QUA,TAE,TAN,TAO,TAU,TEA,TEN,TIE,TIN,TOE,TON,TUI,TUN,UTA,UTE,AEON,ANTE,ANTI,AUNT,AUTO,ETNA,ETUI,INTO,IOTA,NAOI,NEAT,NITE,NOTA,NOTE,QUAI,QUIN,QUIT,TAIN,TINE,TOEA,TONE,TUNA,TUNE,UNAI,UNIT,UNTO,ATONE,ENTIA,OATEN,QUANT,QUATE,QUEAN,QUIET,QUINT,QUITE,QUOIN,QUOIT,QUOTA,QUOTE,TAUON,TENIA,TINEA,TOQUE,UNITE,UNTIE,AUNTIE,QUAINT,QUINOA,QUINTA,QUINTE,ANTIQUE,QUINATE,EQUATION,,,,,,,,,,,,,,,,,,,,,,,,,,,,,,,,,,,,,,,,,,,,,,,,,,,,,,,,,,,,,,,,,,,,,,,,,,,,,,,,,,,,,,,,,,,,,,,,,,,,,,,,,,,,,,,,,,,,,,,,,,,,,,,,,,,,,,,,,,,,,,,,,,,,,,,,,,,,,,,,,,,,,,,,,,,,,,,,,,,,,,,,,,,,,,,,,,,,,,,,,,,,,,,,,,,,,,,,,,,,,,,,,,,,,,,,,,,,,,,,,,,,,,,,,,,,,,,,,,,,,,,,,,,,,,,,,,,,,,,,,,,,,,,,,,,,,,,,,,,,,,,,,,,,,,,,,,,,,,
25,integrate,9,295,A,I,AE,AG,AI,AN,AR,AT,EN,ER,ET,IN,IT,NA,NE,RE,TA,TI,AGE,AIN,AIR,AIT,ANE,ANI,ANT,ARE,ART,ATE,ATT,EAR,EAT,ENG,ERA,ERE,ERG,ERN,ETA,GAE,GAN,GAR,GAT,GEE,GEN,GET,GIE,GIN,GIT,IRE,NAE,NAG,NEE,NEG,NET,NIT,RAG,RAI,RAN,RAT,REE,REG,REI,RET,RIA,RIG,RIN,TAE,TAG,TAN,TAR,TAT,TEA,TEE,TEG,TEN,TET,TIE,TIN,TIT,AGEE,AGER,AGIN,AIRN,AIRT,ANTE,ANTI,EARN,EGER,ERNE,ETNA,GAEN,GAIN,GAIT,GANE,GATE,GEAR,GENE,GENT,GETA,GIEN,GIRN,GIRT,GITE,GNAR,GNAT,GRAN,GRAT,GREE,GRIN,GRIT,NEAR,NEAT,NETT,NITE,RAGE,RAGI,RAIN,RANG,RANI,RANT,RATE,REIN,RENT,RETE,RING,RITE,TAIN,TANG,TARE,TARN,TART,TATE,TEAR,TEAT,TEEN,TENT,TERN,TIER,TINE,TING,TINT,TIRE,TREE,TRET,TRIG,AERIE,AGENE,AGENT,AGREE,ANGER,ANTRE,ARENE,ARETE,EAGER,EAGRE,EATEN,EATER,EGRET,ENATE,ENTER,ENTIA,GARNI,GATER,GENET,GENIE,GENRE,GIANT,GRAIN,GRANT,GRATE,GREAT,GREEN,GREET,INERT,INTER,IRATE,NITER,NITRE,RAGEE,RANEE,RANGE,REGNA,REIGN,RENIG,RENTE,RETAG,RETIA,RETIE,RIANT,TAINT,TARGE,TATER,TENET,TENGE,TENIA,TERAI,TERGA,TERNE,TETRA,TETRI,TIGER,TINEA,TINGE,TITAN,TITER,TITRE,TRAGI,TRAIN,TRAIT,TREAT,TREEN,TRINE,TRITE,AIGRET,ARGENT,ATTIRE,EARING,EATING,ENGIRT,ENRAGE,ENTERA,ENTIRE,ERGATE,GAINER,GAITER,GARNET,GENERA,GERENT,GETTER,GRATIN,INGATE,NATTER,NEATER,NEGATE,NETTER,RATINE,RATING,RATITE,RATTEN,REAGIN,REGAIN,REGENT,REGINA,RETAIN,RETINA,RETINE,RETINT,TARGET,TARING,TEEING,TENIAE,TENTER,TENTIE,TINTER,TRIAGE,TRIENE,ARENITE,ARIETTE,ENTREAT,GITTERN,GRANITE,GRANTEE,GRATINE,GREATEN,INGRATE,INTEGER,INTREAT,ITERANT,ITERATE,NATTIER,NEGATER,NETTIER,NITRATE,RATTEEN,RATTING,REAGENT,REGINAE,RETINAE,RETTING,TANGIER,TARTING,TEARING,TENTAGE,TENTIER,TERGITE,TERNATE,TERTIAN,TRAINEE,TREEING,AIGRETTE,GNATTIER,GRATINEE,INTERAGE,TREATING,ARGENTITE,INTEGRATE,,,,,,,,,,,,,,,,,,,,,,,,,,,,,,,,,,,,,,,,,,,,,,,,,,,,,,,,,,,,,,,,,,,,,,,,,,,,,,,,,,,,,,,,,,,,,,,,,,,,,,,,,,,,,,,,,,,,,,,,,,,,,,,,,,,,,,
26,personal,8,375,A,AE,AL,AN,AR,AS,EL,EN,ER,ES,LA,LO,NA,NE,NO,OE,ON,OP,OR,OS,PA,PE,RE,SO,ALE,ALP,ALS,ANE,APE,APO,ARE,ARS,ASP,EAR,ELS,ENS,EON,ERA,ERN,ERS,LAP,LAR,LAS,LEA,LES,LOP,NAE,NAP,NOR,NOS,OAR,OES,OLE,ONE,ONS,OPE,OPS,ORA,ORE,ORS,OSE,PAL,PAN,PAR,PAS,PEA,PEN,PER,PES,POL,PRO,RAN,RAP,RAS,REP,RES,ROE,SAE,SAL,SAP,SEA,SEL,SEN,SER,SOL,SON,SOP,SPA,AEON,AERO,ALES,ALOE,ALPS,ALSO,ANES,APER,APES,APOS,APSE,ARES,ARSE,EARL,EARN,EARS,ELAN,ENOL,EONS,EPOS,ERAS,ERNS,EROS,LANE,LAPS,LARS,LASE,LEAN,LEAP,LEAR,LEAS,LENO,LENS,LOAN,LONE,LOPE,LOPS,LORE,LORN,LOSE,NAOS,NAPE,NAPS,NEAP,NEAR,NOEL,NOES,NOPE,NOSE,OARS,OLEA,OLES,ONES,OPAL,OPEN,OPES,ORAL,ORES,ORLE,OSAR,PALE,PALS,PANE,PANS,PARE,PARS,PASE,PEAL,PEAN,PEAR,PEAS,PENS,PEON,PESO,PLAN,PLEA,POLE,POLS,PONE,PONS,PORE,PORN,POSE,PRAO,PROA,PROS,RALE,RAPE,RAPS,RASE,RASP,REAL,REAP,REPO,REPS,ROAN,ROES,ROLE,ROPE,ROSE,SALE,SALP,SANE,SEAL,SEAR,SERA,SLAP,SLOE,SLOP,SNAP,SOAP,SOAR,SOLA,SOLE,SONE,SORA,SORE,SORN,SPAE,SPAN,SPAR,AEONS,ALOES,ALONE,ANOLE,APERS,APRES,APRON,ARLES,AROSE,ARPEN,ARSON,ASPEN,ASPER,EARLS,EARNS,ELANS,ENOLS,ENROL,LANES,LAPSE,LARES,LASER,LEANS,LEAPS,LEARN,LEARS,LENOS,LOANS,LONER,LOPER,LOPES,LORAN,LORES,LOSER,NAPES,NARES,NEAPS,NEARS,NEROL,NOELS,NOPAL,OPALS,OPENS,OPERA,ORALS,ORLES,PAEON,PALER,PALES,PANEL,PANES,PAREO,PARES,PARLE,PAROL,PARSE,PASEO,PEALS,PEANS,PEARL,PEARS,PELON,PENAL,PEONS,PLANE,PLANS,PLEAS,PLENA,PLEON,POLAR,POLER,POLES,PONES,PORES,PORNS,POSER,PRAOS,PRASE,PRESA,PROAS,PROLE,PRONE,PROSE,PSOAE,RALES,RAPES,REALS,REAPS,RENAL,REPOS,ROANS,ROLES,ROPES,SALEP,SALON,SANER,SAPOR,SENOR,SEPAL,SERAL,SLOPE,SNARE,SNARL,SNEAP,SNORE,SOLAN,SOLAR,SONAR,SOREL,SPALE,SPARE,SPEAN,SPEAR,SPORE,ANOLES,APRONS,ARPENS,ARSENO,ASLOPE,ENROLS,LANOSE,LAPSER,LEARNS,LOANER,LONERS,LOPERS,LORANS,NEROLS,NOPALS,OPERAS,PAEONS,PANELS,PAREOS,PARLES,PAROLE,PAROLS,PARSON,PEARLS,PERSON,PLANER,PLANES,PLEONS,POLARS,POLERS,PROLAN,PROLES,REASON,RELOAN,REPLAN,SENORA,SLOPER,SOAPER,SPLORE,SPORAL,ESPANOL,LOANERS,NOPALES,PAROLES,PERSONA,PLANERS,PROLANS,RELOANS,REPLANS,REPOSAL,PERSONAL,PSORALEN,,,,,,,,,,,,,,,,,,,,,,,,,,,,,,,,,,,,,,,,,,,,,,,,,,,,,,
27,explore,7,56,EL,ER,EX,LO,OE,OP,OR,OX,PE,RE,EEL,ERE,LEE,LEX,LOP,LOX,OLE,OPE,ORE,PEE,PER,POL,POX,PRO,REE,REP,REX,ROE,EXPO,LEER,LOPE,LORE,ORLE,PEEL,PEER,PELE,PERE,PLEX,POLE,PORE,PREE,PREX,REEL,REPO,ROLE,ROPE,ELOPE,EXPEL,LEPER,LOPER,POLER,PROLE,REPEL,ELOPER,PLEXOR,EXPLORE,,,,,,,,,,,,,,,,,,,,,,,,,,,,,,,,,,,,,,,,,,,,,,,,,,,,,,,,,,,,,,,,,,,,,,,,,,,,,,,,,,,,,,,,,,,,,,,,,,,,,,,,,,,,,,,,,,,,,,,,,,,,,,,,,,,,,,,,,,,,,,,,,,,,,,,,,,,,,,,,,,,,,,,,,,,,,,,,,,,,,,,,,,,,,,,,,,,,,,,,,,,,,,,,,,,,,,,,,,,,,,,,,,,,,,,,,,,,,,,,,,,,,,,,,,,,,,,,,,,,,,,,,,,,,,,,,,,,,,,,,,,,,,,,,,,,,,,,,,,,,,,,,,,,,,,,,,,,,,,,,,,,,,,,,,,,,,,,,,,,,,,,,,,,,,,,,,,,,,,,,,,,,,,,,,,,,
28,behavior,8,121,A,I,AB,AE,AH,AI,AR,BA,BE,BI,BO,EH,ER,HA,HE,HI,HO,OE,OH,OI,OR,RE,ABO,AHI,AIR,ARB,ARE,AVE,AVO,BAH,BAR,BIO,BOA,BRA,BRO,EAR,ERA,HAE,HAO,HER,HIE,HOB,HOE,IRE,OAR,OBA,OBE,OBI,ORA,ORB,ORE,OVA,RAH,RAI,REB,REI,REV,RHO,RIA,RIB,ROB,ROE,VAR,VIA,VIE,VOE,ABRI,AERO,ARVO,AVER,BARE,BEAR,BIER,BIRO,BOAR,BORA,BORE,BRAE,BRIE,BRIO,HAIR,HARE,HAVE,HEAR,HEIR,HERB,HERO,HIRE,HIVE,HOAR,HOER,HORA,HOVE,OBIA,OHIA,OVER,RAVE,RHEA,RIVE,ROBE,ROVE,VAIR,VERA,VERB,VIBE,VIER,ABHOR,ABOVE,AIVER,BEVOR,BOHEA,BRAVE,BRAVI,BRAVO,HAVER,HOVER,OBEAH,REHAB,VIREO,HAVIOR,BEHAVIOR,,,,,,,,,,,,,,,,,,,,,,,,,,,,,,,,,,,,,,,,,,,,,,,,,,,,,,,,,,,,,,,,,,,,,,,,,,,,,,,,,,,,,,,,,,,,,,,,,,,,,,,,,,,,,,,,,,,,,,,,,,,,,,,,,,,,,,,,,,,,,,,,,,,,,,,,,,,,,,,,,,,,,,,,,,,,,,,,,,,,,,,,,,,,,,,,,,,,,,,,,,,,,,,,,,,,,,,,,,,,,,,,,,,,,,,,,,,,,,,,,,,,,,,,,,,,,,,,,,,,,,,,,,,,,,,,,,,,,,,,,,,,,,,,,,,,,,,,,,,,,,,,,,,,
29,deduction,9,207,I,DE,DO,ED,EN,ET,ID,IN,IT,NE,NO,NU,OD,OE,OI,ON,TI,TO,UN,UT,COD,CON,COT,CUD,CUE,CUT,DEN,DID,DIE,DIN,DIT,DOC,DOE,DON,DOT,DUD,DUE,DUI,DUN,DUO,ECU,END,EON,ICE,ION,NET,NIT,NOD,NOT,NUT,ODD,ODE,ONE,OUD,OUT,TED,TEN,TIC,TIE,TIN,TOD,TOE,TON,TUI,TUN,UDO,UTE,CEDI,CENT,CINE,CION,CITE,CODE,COED,COIN,CONE,CONI,COTE,CUED,CUNT,CUTE,DECO,DENI,DENT,DICE,DIDO,DIED,DIET,DINE,DINO,DINT,DITE,DOIT,DONE,DOTE,DUCE,DUCI,DUCT,DUDE,DUET,DUIT,DUNE,DUNT,EDDO,EDIT,ETIC,ETUI,ICED,ICON,INTO,NICE,NIDE,NITE,NODE,NODI,NOTE,NUDE,ODIC,ONCE,OTIC,TEND,TIDE,TIED,TINE,TOED,TONE,TUNE,UDON,UNCI,UNCO,UNDE,UNDO,UNIT,UNTO,CENTO,CENTU,CITED,CODED,CODEN,CONED,CONTE,COTED,COUDE,COUNT,CUTIE,CUTIN,DICED,DICOT,DINED,DIODE,DONUT,DOTED,DOUCE,DUNCE,EDICT,EDUCT,INDUE,NIDED,NOTED,NUDIE,ONCET,ONTIC,OUNCE,OUTED,TEIND,TENDU,TIDED,TINED,TONDI,TONED,TONIC,TUNED,TUNIC,UNDID,UNITE,UNTIE,CODEIN,COEDIT,COINED,CUDDIE,DEDUCT,DINTED,DOCENT,DOITED,DUCTED,DUNITE,DUNTED,INDUCE,INDUCT,INDUED,NOETIC,NOTICE,OUTDID,UNITED,UNTIED,CONDUIT,COUNTED,CTENOID,DENTOID,DEONTIC,INDUCED,NOCTUID,NOTICED,UNCODED,EDUCTION,INDUCTED,DEDUCTION,,,,,,,,,,,,,,,,,,,,,,,,,,,,,,,,,,,,,,,,,,,,,,,,,,,,,,,,,,,,,,,,,,,,,,,,,,,,,,,,,,,,,,,,,,,,,,,,,,,,,,,,,,,,,,,,,,,,,,,,,,,,,,,,,,,,,,,,,,,,,,,,,,,,,,,,,,,,,,,,,,,,,,,,,,,,,,,,,,,,,,,,,,,,,,,,,,,,,,,,,,,,,,,,,,,,,,,,,,,,,,
30,financial,9,74,A,I,AA,AI,AL,AN,FA,IF,IN,LA,LI,NA,AAL,AIL,AIN,ALA,ANA,ANI,CAN,FAN,FIL,FIN,INN,LAC,LIN,NAN,NIL,ALAN,ALFA,ALIF,ANAL,ANIL,ANNA,CAIN,CALF,CLAN,FAIL,FAIN,FILA,FLAN,FLIC,ILIA,INIA,LAIC,LAIN,LINN,NAAN,NAIF,NAIL,NALA,NANA,AALII,ACINI,ANNAL,CALIF,CANAL,CANNA,CILIA,FACIA,FICIN,FINAL,FINCA,ILIAC,LANAI,LIANA,LINAC,LININ,ALANIN,ANILIN,FACIAL,FINIAL,NIACIN,FINICAL,FINANCIAL,,,,,,,,,,,,,,,,,,,,,,,,,,,,,,,,,,,,,,,,,,,,,,,,,,,,,,,,,,,,,,,,,,,,,,,,,,,,,,,,,,,,,,,,,,,,,,,,,,,,,,,,,,,,,,,,,,,,,,,,,,,,,,,,,,,,,,,,,,,,,,,,,,,,,,,,,,,,,,,,,,,,,,,,,,,,,,,,,,,,,,,,,,,,,,,,,,,,,,,,,,,,,,,,,,,,,,,,,,,,,,,,,,,,,,,,,,,,,,,,,,,,,,,,,,,,,,,,,,,,,,,,,,,,,,,,,,,,,,,,,,,,,,,,,,,,,,,,,,,,,,,,,,,,,,,,,,,,,,,,,,,,,,,,,,,,,,,,,,,,,,,,,,,,,,,,,,,
31,scaffold,8,108,A,AD,AL,AS,DO,FA,LA,LO,OD,OF,OS,SO,ADO,ADS,AFF,ALS,CAD,COD,COL,COS,DAL,DOC,DOL,DOS,FAD,FAS,LAC,LAD,LAS,OAF,OCA,ODA,ODS,OFF,OLD,SAC,SAD,SAL,SOD,SOL,ADOS,ALSO,CADS,CAFF,CALF,CALO,CLAD,CLOD,COAL,CODA,CODS,COFF,COLA,COLD,COLS,DAFF,DALS,DOCS,DOFF,DOLS,FADO,FADS,FLOC,FOAL,FOLD,LACS,LADS,LOAD,LOAF,LOCA,OAFS,OCAS,ODAS,OFFS,OLDS,SCAD,SOCA,SODA,SOFA,SOLA,SOLD,ACOLD,CAFFS,CALFS,CALOS,CLADS,CLODS,COALS,CODAS,COFFS,COLAS,COLDS,DAFFS,DOFFS,FADOS,FLOCS,FOALS,FOCAL,FOLDS,LOADS,LOAFS,OFFAL,SCALD,SCOFF,SCOLD,OFFALS,SCLAFF,SCAFFOLD,,,,,,,,,,,,,,,,,,,,,,,,,,,,,,,,,,,,,,,,,,,,,,,,,,,,,,,,,,,,,,,,,,,,,,,,,,,,,,,,,,,,,,,,,,,,,,,,,,,,,,,,,,,,,,,,,,,,,,,,,,,,,,,,,,,,,,,,,,,,,,,,,,,,,,,,,,,,,,,,,,,,,,,,,,,,,,,,,,,,,,,,,,,,,,,,,,,,,,,,,,,,,,,,,,,,,,,,,,,,,,,,,,,,,,,,,,,,,,,,,,,,,,,,,,,,,,,,,,,,,,,,,,,,,,,,,,,,,,,,,,,,,,,,,,,,,,,,,,,,,,,,,,,,,,,,,,,,,,,,,
32,remarkable,10,211,A,AA,AB,AE,AL,AM,AR,BA,BE,EL,EM,ER,KA,LA,MA,ME,RE,AAL,ABA,ALA,ALB,ALE,AMA,ARB,ARE,ARK,ARM,BAA,BAL,BAM,BAR,BEE,BEL,BRA,BRR,EAR,EEK,EEL,EKE,ELK,ELM,EME,ERA,ERE,ERR,KAB,KAE,KEA,LAB,LAM,LAR,LEA,LEE,LEK,MAE,MAR,MEL,RAM,REB,REE,REM,ABLE,AKEE,ALAE,ALAR,ALBA,ALEE,ALMA,ALME,ARAK,AREA,BAAL,BAKE,BALE,BALK,BALM,BARE,BARK,BARM,BEAK,BEAM,BEAR,BEER,BEMA,BERK,BERM,BLAE,BLAM,BRAE,BREE,EARL,KALE,KAME,KBAR,KEEL,KERB,LAKE,LAMA,LAMB,LAME,LARK,LEAK,LEAR,LEEK,LEER,LEKE,MAAR,MABE,MAKE,MALE,MARA,MARE,MARK,MARL,MEAL,MEEK,MERE,MERK,MERL,RAKE,RALE,RARE,REAL,REAM,REAR,REEK,REEL,ABEAM,ABELE,ABLER,AKELA,ALARM,AMBER,AMBLE,AMEBA,AMEER,ARAME,AREAE,AREAL,ARMER,BAKER,BALER,BARER,BARRE,BERME,BLAME,BLARE,BLEAK,BLEAR,BRAKE,BREAK,BREAM,EMBAR,EMBER,KABAR,KALAM,KARMA,KEBAR,KRAAL,LABRA,LAKER,LAMER,LAREE,MAKAR,MAKER,MALAR,MARKA,MERER,MERLE,RAKEE,RAKER,RAMAL,RAMEE,REALM,REARM,REBAR,REBEL,AMBEER,AMBLER,AMEBAE,ARABLE,BALKER,BARKER,BARREL,BEAKER,BEARER,BERAKE,BLAMER,EMBARK,LAMBER,LARKER,LEAKER,MARBLE,MARKER,RAMBLA,RAMBLE,REALER,REAMER,REMAKE,REMARK,BLEAKER,BREAKER,EARMARK,ERRABLE,MAKABLE,MARBLER,RAMBLER,REMAKER,MAKEABLE,REEMBARK,REMARKABLE,,,,,,,,,,,,,,,,,,,,,,,,,,,,,,,,,,,,,,,,,,,,,,,,,,,,,,,,,,,,,,,,,,,,,,,,,,,,,,,,,,,,,,,,,,,,,,,,,,,,,,,,,,,,,,,,,,,,,,,,,,,,,,,,,,,,,,,,,,,,,,,,,,,,,,,,,,,,,,,,,,,,,,,,,,,,,,,,,,,,,,,,,,,,,,,,,,,,,,,,,,,,,,,,,,,,,,,,,,
33,shrine,6,68,I,EH,EN,ER,ES,HE,HI,IN,IS,NE,RE,SH,SI,ENS,ERN,ERS,HEN,HER,HES,HIE,HIN,HIS,INS,IRE,REI,RES,RIN,SEI,SEN,SER,SHE,SIN,SIR,SRI,ERNS,HEIR,HENS,HERN,HERS,HIES,HINS,HIRE,HISN,IRES,REIN,REIS,RESH,RINS,RISE,SHIN,SHRI,SINE,SINH,SIRE,HEIRS,HERNS,HIRES,REINS,RESIN,RINSE,RISEN,SERIN,SHIER,SHINE,SHIRE,SIREN,SHINER,SHRINE,,,,,,,,,,,,,,,,,,,,,,,,,,,,,,,,,,,,,,,,,,,,,,,,,,,,,,,,,,,,,,,,,,,,,,,,,,,,,,,,,,,,,,,,,,,,,,,,,,,,,,,,,,,,,,,,,,,,,,,,,,,,,,,,,,,,,,,,,,,,,,,,,,,,,,,,,,,,,,,,,,,,,,,,,,,,,,,,,,,,,,,,,,,,,,,,,,,,,,,,,,,,,,,,,,,,,,,,,,,,,,,,,,,,,,,,,,,,,,,,,,,,,,,,,,,,,,,,,,,,,,,,,,,,,,,,,,,,,,,,,,,,,,,,,,,,,,,,,,,,,,,,,,,,,,,,,,,,,,,,,,,,,,,,,,,,,,,,,,,,,,,,,,,,,,,,,,,,,,,,,
34,schedule,8,107,DE,ED,EH,EL,ES,HE,SH,UH,US,CEE,CEL,CUD,CUE,DEE,DEL,DUE,DUH,ECU,EDH,EDS,EEL,ELD,ELS,HES,HUE,LED,LEE,LES,LEU,SEC,SEE,SEL,SHE,SUE,USE,CEDE,CEES,CELS,CLUE,CUDS,CUED,CUES,DEES,DELE,DELS,DUCE,DUEL,DUES,ECHE,ECUS,EDHS,EELS,ELDS,ELSE,HEED,HEEL,HELD,HUED,HUES,LECH,LEES,LEUD,LUCE,LUDE,LUES,LUSH,SCUD,SEED,SEEL,SHED,SHUL,SLED,SLUE,SUCH,SUED,USED,CEDES,CLUED,CLUES,DELES,DEUCE,DUCES,DUELS,DULSE,ECHED,ECHES,EDUCE,ELUDE,HEEDS,HEELS,LEECH,LEUDS,LUCES,LUDES,SCHUL,SLUED,SUEDE,DEUCES,EDUCES,ELUDES,LECHED,LECHES,LEUDES,LUSHED,SEDUCE,SECLUDE,SCHEDULE,,,,,,,,,,,,,,,,,,,,,,,,,,,,,,,,,,,,,,,,,,,,,,,,,,,,,,,,,,,,,,,,,,,,,,,,,,,,,,,,,,,,,,,,,,,,,,,,,,,,,,,,,,,,,,,,,,,,,,,,,,,,,,,,,,,,,,,,,,,,,,,,,,,,,,,,,,,,,,,,,,,,,,,,,,,,,,,,,,,,,,,,,,,,,,,,,,,,,,,,,,,,,,,,,,,,,,,,,,,,,,,,,,,,,,,,,,,,,,,,,,,,,,,,,,,,,,,,,,,,,,,,,,,,,,,,,,,,,,,,,,,,,,,,,,,,,,,,,,,,,,,,,,,,,,,,,,,,,,,,,,
35,warehouse,9,247,A,AE,AH,AR,AS,AW,EH,ER,ES,HA,HE,HO,OE,OH,OR,OS,OW,RE,SH,SO,UH,US,WE,WO,AHS,ARE,ARS,ASH,AWE,EAR,EAU,ERA,ERE,ERS,EWE,HAE,HAO,HAS,HAW,HER,HES,HEW,HOE,HOS,HOW,HUE,OAR,OES,OHS,ORA,ORE,ORS,OSE,OUR,OWE,RAH,RAS,RAW,REE,RES,RHO,ROE,ROW,RUE,SAE,SAU,SAW,SEA,SEE,SER,SEW,SHA,SHE,SOU,SOW,SUE,USE,WAE,WAR,WAS,WEE,WHA,WHO,WOE,WOS,AERO,ARES,ARSE,AWEE,AWES,EARS,EASE,ERAS,EROS,EURO,EWER,EWES,HAES,HARE,HAWS,HEAR,HERE,HERO,HERS,HEWS,HOAR,HOER,HOES,HORA,HOSE,HOUR,HOWE,HOWS,HUES,OARS,ORES,OSAR,OURS,OWES,OWSE,RASE,RASH,RAWS,REES,RESH,RHEA,RHOS,RHUS,ROES,ROSE,ROUE,ROWS,RUES,RUSE,RUSH,SEAR,SEER,SERA,SERE,SHAW,SHEA,SHEW,SHOE,SHOW,SHWA,SOAR,SORA,SORE,SOUR,SUER,SURA,SURE,UREA,URSA,USER,WAES,WARE,WARS,WASH,WAUR,WEAR,WEER,WEES,WERE,WHEE,WHOA,WOES,WORE,AROSE,AURES,ERASE,EROSE,EUROS,EWERS,HARES,HAWSE,HEARS,HERES,HEROS,HEWER,HOARS,HOERS,HORAS,HORSE,HOSER,HOURS,HOUSE,HOWES,RESAW,RESEW,RESOW,REUSE,RHEAS,ROUES,ROUSE,SAREE,SAWER,SEROW,SEWAR,SEWER,SHARE,SHEAR,SHEER,SHOER,SHORE,SHREW,SOWAR,SOWER,SURAH,SWARE,SWEAR,SWEER,SWORE,URASE,UREAS,URSAE,USHER,WARES,WEARS,WHERE,WHORE,WHOSE,WORSE,AHORSE,AROUSE,ASHORE,HAERES,HAWSER,HEARSE,HEROES,HEWERS,HOARSE,HOUSER,RESEAU,RESHOE,RESHOW,REWASH,RUSHEE,SHEWER,SHOWER,UREASE,WASHER,WHERES,WHORES,REHOUSE,WHEREAS,WAREHOUSE,,,,,,,,,,,,,,,,,,,,,,,,,,,,,,,,,,,,,,,,,,,,,,,,,,,,,,,,,,,,,,,,,,,,,,,,,,,,,,,,,,,,,,,,,,,,,,,,,,,,,,,,,,,,,,,,,,,,,,,,,,,,,,,,,,,,,,,,,,,,,,,,,,,,,,,,,,,,,,,,,,,,,,,,,,,,,,,,,,,,,,
36,virtual,7,69,A,I,AI,AL,AR,AT,IT,LA,LI,TA,TI,UT,AIL,AIR,AIT,ALT,ART,LAR,LAT,LAV,LIT,LUV,RAI,RAT,RIA,RUT,TAR,TAU,TAV,TIL,TUI,UTA,VAR,VAT,VAU,VIA,AIRT,ALIT,ARIL,LAIR,LARI,LATI,LATU,LIAR,LIRA,LITU,RAIL,RIAL,TAIL,TALI,TIRL,ULVA,VAIL,VAIR,VATU,VIAL,VIRL,VITA,RIVAL,TRAIL,TRIAL,ULTRA,URIAL,VAULT,VIRAL,VIRTU,VITAL,RITUAL,VIRTUAL,,,,,,,,,,,,,,,,,,,,,,,,,,,,,,,,,,,,,,,,,,,,,,,,,,,,,,,,,,,,,,,,,,,,,,,,,,,,,,,,,,,,,,,,,,,,,,,,,,,,,,,,,,,,,,,,,,,,,,,,,,,,,,,,,,,,,,,,,,,,,,,,,,,,,,,,,,,,,,,,,,,,,,,,,,,,,,,,,,,,,,,,,,,,,,,,,,,,,,,,,,,,,,,,,,,,,,,,,,,,,,,,,,,,,,,,,,,,,,,,,,,,,,,,,,,,,,,,,,,,,,,,,,,,,,,,,,,,,,,,,,,,,,,,,,,,,,,,,,,,,,,,,,,,,,,,,,,,,,,,,,,,,,,,,,,,,,,,,,,,,,,,,,,,,,,,,,,,,,,,
37,knowledge,9,162,DE,DO,ED,EL,EN,GO,LO,NE,NO,OD,OE,ON,OW,WE,WO,DEE,DEL,DEN,DEW,DOE,DOG,DOL,DON,DOW,EEK,EEL,EGO,EKE,ELD,ELK,END,ENG,EON,EWE,GED,GEE,GEL,GEN,GOD,KEG,KEN,LED,LEE,LEG,LEK,LOG,LOW,NEE,NEG,NEW,NOD,NOG,NOW,ODE,OKE,OLD,OLE,ONE,OWE,OWL,OWN,WED,WEE,WEN,WOE,WOG,WOK,WON,DEKE,DELE,DENE,DOGE,DOLE,DONE,DONG,DOWN,EDGE,EKED,ENOL,ENOW,GEED,GEEK,GELD,GENE,GLED,GLEE,GLEN,GLOW,GOLD,GONE,GOWD,GOWK,GOWN,KEEL,KEEN,KENO,KNEE,KNEW,KNOW,KOEL,LEEK,LEKE,LEND,LENO,LEWD,LODE,LOGE,LONE,LONG,LOWE,LOWN,NEED,NODE,NOEL,OGEE,OGLE,OWED,WEED,WEEK,WEEL,WEEN,WELD,WEND,WOKE,WOLD,WONK,DONEE,DOWEL,ENDOW,GEODE,GLEDE,GLEED,GLEEK,KEDGE,KENDO,KLONG,KNEED,KNEEL,LEDGE,LEONE,LODEN,LODGE,LONGE,LOWED,NEWEL,NGWEE,OGLED,OLDEN,OWNED,WEDEL,WEDGE,WODGE,WOKEN,DONGLE,GLOWED,GOLDEN,GOWNED,LEGEND,LONGED,WEDELN,WEEKLONG,KNOWLEDGE,,,,,,,,,,,,,,,,,,,,,,,,,,,,,,,,,,,,,,,,,,,,,,,,,,,,,,,,,,,,,,,,,,,,,,,,,,,,,,,,,,,,,,,,,,,,,,,,,,,,,,,,,,,,,,,,,,,,,,,,,,,,,,,,,,,,,,,,,,,,,,,,,,,,,,,,,,,,,,,,,,,,,,,,,,,,,,,,,,,,,,,,,,,,,,,,,,,,,,,,,,,,,,,,,,,,,,,,,,,,,,,,,,,,,,,,,,,,,,,,,,,,,,,,,,,,,,,,,,,,,,,,,,,
38,restaurant,10,370,A,AA,AE,AN,AR,AS,AT,EN,ER,ES,ET,NA,NE,NU,RE,TA,UN,US,UT,AAS,ANA,ANE,ANT,ARE,ARS,ART,ATE,ATT,EAR,EAT,EAU,ENS,ERA,ERN,ERR,ERS,ETA,NAE,NET,NUS,NUT,RAN,RAS,RAT,RES,RET,RUE,RUN,RUT,SAE,SAT,SAU,SEA,SEN,SER,SET,SUE,SUN,TAE,TAN,TAR,TAS,TAT,TAU,TEA,TEN,TET,TUN,TUT,UNS,URN,USE,UTA,UTE,UTS,ANAS,ANES,ANSA,ANTA,ANTE,ANTS,ANUS,AREA,ARES,ARSE,ARTS,ASEA,ATES,AUNT,AURA,EARN,EARS,EAST,EATS,ERAS,ERNS,ERRS,ERST,ETAS,ETNA,NEAR,NEAT,NEST,NETS,NETT,NUTS,RANT,RARE,RASE,RATE,RATS,REAR,RENT,REST,RETS,RUER,RUES,RUNE,RUNS,RUNT,RUSE,RUST,RUTS,SANE,SATE,SEAR,SEAT,SENT,SERA,SETA,SETT,STAR,STAT,STET,STUN,SUER,SUET,SURA,SURE,TANS,TARE,TARN,TARS,TART,TATE,TATS,TAUS,TAUT,TEAR,TEAS,TEAT,TENS,TENT,TERN,TEST,TETS,TRES,TRET,TRUE,TSAR,TUNA,TUNE,TUNS,TURN,TUTS,UREA,URNS,URSA,USER,UTAS,UTES,ANEAR,ANSAE,ANTAE,ANTAS,ANTES,ANTRA,ANTRE,AREAS,ARENA,ARRAS,ASTER,ATTAR,AUNTS,AURAE,AURAR,AURAS,AURES,EARNS,ETNAS,NARES,NATES,NEARS,NEATS,NERTS,NETTS,NURSE,RANTS,RARES,RASER,RATAN,RATER,RATES,REARS,REATA,RENTS,RERAN,RERUN,RESAT,RUANA,RUERS,RUNES,RUNTS,SANER,SARAN,SAUNA,SAUTE,SNARE,STANE,STARE,START,STATE,STENT,STERN,STRUT,STUNT,STURT,SURER,SURRA,SUTRA,SUTTA,TARES,TARNS,TARRE,TARTS,TASTE,TATAR,TATER,TATES,TAUNT,TAUTS,TEARS,TEATS,TENTS,TERNS,TERRA,TESTA,TETRA,TRANS,TREAT,TRETS,TRUER,TRUES,TRUST,TUNAS,TUNER,TUNES,TURNS,UNSET,URARE,URASE,URATE,UREAS,URSAE,USNEA,UTTER,ANEARS,ANSATE,ANTRES,ARENAS,ARRANT,ARREST,ASTERN,ASTUTE,ATTARS,ATTUNE,AURATE,ERRANT,ERRATA,NATTER,NATURE,NAUSEA,NURSER,NUTATE,NUTTER,RANTER,RAREST,RASTER,RASURE,RATANS,RATERS,RATTAN,RATTEN,RATTER,REATAS,RERUNS,RETURN,RUANAS,SANTUR,SNARER,STARER,STATER,STATUE,STERNA,STRATA,STRUNT,TANTRA,TARRES,TARTAN,TARTAR,TARTER,TASTER,TATARS,TATERS,TAUNTS,TAUTEN,TAUTER,TERRAS,TETRAS,TREATS,TRUANT,TRUEST,TUNERS,TURNER,TURRET,UNREST,UNSEAT,URARES,URATES,UTTERS,ATTUNES,ENTRUST,ERRANTS,ERRATAS,NARRATE,NATTERS,NATURES,NUTATES,NUTTERS,RANTERS,RATTANS,RATTENS,RATTERS,RESTART,RETURNS,SANTERA,SAUNTER,STARTER,STATURE,TANTRAS,TARTANS,TARTARE,TARTARS,TAUNTER,TAUTENS,TETANUS,TRUANTS,TRUSTER,TUATERA,TURNERS,TURRETS,UNSTATE,NARRATES,SATURANT,SATURATE,TAUNTERS,TUATERAS,ARRESTANT,SATURATER,RESTAURANT,,,,,,,,,,,,,,,,,,,,,,,,,,,,,,,,,,,,,,,,,,,,,,,,,,,,,,,,,,,
39,strategy,8,239,A,AE,AG,AR,AS,AT,AY,ER,ES,ET,RE,TA,YA,YE,AGE,AGS,ARE,ARS,ART,ATE,ATT,AYE,AYS,EAR,EAT,ERA,ERG,ERS,ETA,GAE,GAR,GAS,GAT,GAY,GET,GEY,RAG,RAS,RAT,RAY,REG,RES,RET,RYA,RYE,SAE,SAG,SAT,SAY,SEA,SEG,SER,SET,STY,TAE,TAG,TAR,TAS,TAT,TEA,TEG,TET,TRY,TYE,YAG,YAR,YEA,YES,YET,AERY,AGER,AGES,ARES,ARSE,ARTS,ARTY,ATES,AYES,EARS,EAST,EASY,EATS,ERAS,ERGS,ERST,ETAS,EYAS,EYRA,GAES,GARS,GAST,GATE,GATS,GAYS,GEAR,GEST,GETA,GETS,GRAT,GRAY,GREY,GYRE,RAGE,RAGS,RASE,RATE,RATS,RAYS,REGS,REST,RETS,RYAS,RYES,SAGE,SAGY,SATE,SEAR,SEAT,SERA,SETA,SETT,STAG,STAR,STAT,STAY,STET,STEY,STYE,TAGS,TARE,TARS,TART,TATE,TATS,TEAR,TEAS,TEAT,TEGS,TEST,TETS,TRAY,TRES,TRET,TREY,TSAR,TYER,TYES,TYRE,YAGS,YARE,YEAR,YEAS,YETT,AGERS,ARTSY,ASTER,EYRAS,GATER,GATES,GAYER,GEARS,GETAS,GRATE,GRAYS,GREAT,GREYS,GYRES,RAGES,RATES,RATTY,RESAT,RESAY,RETAG,SAGER,SARGE,SATYR,SAYER,STAGE,STAGY,STARE,START,STATE,STRAY,TARES,TARGE,TARTS,TARTY,TASTE,TASTY,TATER,TATES,TEARS,TEARY,TEATS,TERGA,TESTA,TESTY,TETRA,TRAYS,TREAT,TRETS,TREYS,TRYST,TYERS,TYRES,YAGER,YEARS,YEAST,YETTS,ESTRAY,GASTER,GATERS,GAYEST,GRATES,GREASY,GREATS,GYRASE,GYRATE,RETAGS,STAGER,STAGEY,STATER,STAYER,TARGES,TARGET,TASTER,TATERS,TETRAS,TREATS,TREATY,TRYSTE,YAGERS,YAREST,YATTER,GRAYEST,GYRATES,TARGETS,YATTERS,STRATEGY,,,,,,,,,,,,,,,,,,,,,,,,,,,,,,,,,,,,,,,,,,,,,,,,,,,,,,,,,,,,,,,,,,,,,,,,,,,,,,,,,,,,,,,,,,,,,,,,,,,,,,,,,,,,,,,,,,,,,,,,,,,,,,,,,,,,,,,,,,,,,,,,,,,,,,,,,,,,,,,,,,,,,,,,,,,,,,,,,,,,,,,,,,,,,,
40,necessary,9,269,A,AE,AN,AR,AS,AY,EN,ER,ES,NA,NE,RE,YA,YE,ACE,ANE,ANY,ARC,ARE,ARS,ASS,AYE,AYS,CAN,CAR,CAY,CEE,CRY,EAR,ENS,ERA,ERE,ERN,ERS,ESS,EYE,NAE,NAY,NEE,RAN,RAS,RAY,REC,REE,RES,RYA,RYE,SAC,SAE,SAY,SEA,SEC,SEE,SEN,SER,SYN,YAR,YEA,YEN,YES,ACES,ACNE,ACRE,AERY,ANES,ARCS,ARES,ARSE,AYES,CANE,CANS,CARE,CARN,CARS,CASE,CAYS,CEES,CERE,CESS,CYAN,EARN,EARS,EASE,EASY,EERY,ERAS,ERNE,ERNS,ESES,ESNE,EYAS,EYEN,EYER,EYES,EYNE,EYRA,EYRE,NARC,NARY,NAYS,NEAR,NESS,RACE,RACY,RASE,RAYS,RECS,REES,RYAS,RYES,SACS,SANE,SANS,SAYS,SCAN,SCAR,SCRY,SEAR,SEAS,SECS,SEEN,SEER,SEES,SENE,SERA,SERE,SERS,SNYE,SYCE,SYNC,SYNE,YARE,YARN,YEAN,YEAR,YEAS,YENS,ACNES,ACRES,ARENE,ARSES,CANER,CANES,CARES,CARNS,CARNY,CARSE,CASES,CEASE,CENSE,CERES,CRANE,CRASS,CRESS,CYANS,EARNS,EASES,ERASE,ERNES,ERSES,ESCAR,ESNES,ESSAY,EYASS,EYERS,EYRAS,EYRES,NACRE,NARCS,NARES,NEARS,RACES,RANCE,RANEE,RASES,RESAY,SANER,SANES,SAREE,SAYER,SCANS,SCARE,SCARS,SCARY,SCENA,SCENE,SCREE,SEARS,SEERS,SENSA,SENSE,SERAC,SERES,SNARE,SNEER,SNYES,SYCEE,SYCES,SYNCS,SYREN,YARNS,YEANS,YEARN,YEARS,YESES,ARENES,CANERS,CAREEN,CARESS,CARNEY,CARSES,CASERN,CEASES,CENSER,CENSES,CRANES,CRASES,CREASE,CREASY,CRESSY,CYESES,ENCASE,ERASES,ESCARS,EYASES,NACRES,RANCES,RANEES,RECANE,RECESS,RESAYS,SAREES,SARSEN,SAYERS,SCARES,SCAREY,SCENAS,SCENES,SCREEN,SCREES,SEANCE,SECERN,SENARY,SENECA,SERACS,SNARES,SNEERS,SNEERY,SYCEES,SYRENS,YEARNS,ANCRESS,CAREENS,CARNEYS,CASERNE,CASERNS,CASSENE,CENSERS,CREASES,ENCASES,ESSAYER,RECANES,SCENERY,SCREENS,SEANCES,SECERNS,SENECAS,CASERNES,NECESSARY,,,,,,,,,,,,,,,,,,,,,,,,,,,,,,,,,,,,,,,,,,,,,,,,,,,,,,,,,,,,,,,,,,,,,,,,,,,,,,,,,,,,,,,,,,,,,,,,,,,,,,,,,,,,,,,,,,,,,,,,,,,,,,,,,,,,,,,,,,,,,,,,,,,,,,,,,,,,,,,,
41,illusion,8,60,I,IN,IS,LI,LO,NO,NU,OI,ON,OS,SI,SO,UN,US,ILL,INS,ION,LIN,LIS,NIL,NOS,NUS,OIL,ONS,SIN,SOL,SON,SOU,SUN,UNS,ILLS,IONS,LILO,LINO,LINS,LION,LOIN,NILL,NILS,NISI,NOIL,NOUS,NULL,OILS,ONUS,SILL,SILO,SOIL,SOLI,SOUL,LILOS,LINOS,LIONS,LOINS,LOUIS,NILLS,NOILS,NULLS,INSOUL,ILLUSION,,,,,,,,,,,,,,,,,,,,,,,,,,,,,,,,,,,,,,,,,,,,,,,,,,,,,,,,,,,,,,,,,,,,,,,,,,,,,,,,,,,,,,,,,,,,,,,,,,,,,,,,,,,,,,,,,,,,,,,,,,,,,,,,,,,,,,,,,,,,,,,,,,,,,,,,,,,,,,,,,,,,,,,,,,,,,,,,,,,,,,,,,,,,,,,,,,,,,,,,,,,,,,,,,,,,,,,,,,,,,,,,,,,,,,,,,,,,,,,,,,,,,,,,,,,,,,,,,,,,,,,,,,,,,,,,,,,,,,,,,,,,,,,,,,,,,,,,,,,,,,,,,,,,,,,,,,,,,,,,,,,,,,,,,,,,,,,,,,,,,,,,,,,,,,,,,,,,,,,,,,,,,,,,,
42,permanence,10,174,A,AE,AM,AN,AR,EM,EN,ER,MA,ME,NA,NE,PA,PE,RE,ACE,AMP,ANE,APE,ARC,ARE,ARM,CAM,CAN,CAP,CAR,CEE,CEP,EAR,EME,ERA,ERE,ERN,MAC,MAE,MAN,MAP,MAR,MEN,NAE,NAM,NAN,NAP,NEE,PAC,PAM,PAN,PAR,PEA,PEC,PEE,PEN,PER,RAM,RAN,RAP,REC,REE,REM,REP,ACME,ACNE,ACRE,AMEN,APER,CAME,CAMP,CANE,CAPE,CARE,CARN,CARP,CEPE,CERE,CRAM,CRAP,EARN,EPEE,ERNE,MACE,MANE,MARC,MARE,MEAN,MERC,MERE,NAME,NAPE,NARC,NEAP,NEAR,NEEM,NEEP,NEMA,NENE,PACE,PANE,PARE,PEAN,PEAR,PEEN,PEER,PERE,PERM,PRAM,PREE,RACE,RAMP,RAPE,REAM,REAP,AMEER,ARENE,ARPEN,CANER,CAPER,CRAMP,CRANE,CRAPE,CREAM,CREEP,CREME,CREPE,EMCEE,EMEER,ENEMA,MACER,NACRE,NAMER,NANCE,PACER,PANNE,PEACE,PECAN,PENCE,PENNA,PENNE,PEREA,PREEN,RAMEE,RAMEN,RANCE,RANEE,RECAP,REMAN,REMAP,AMERCE,AMPERE,CAMPER,CANNER,CAREEN,CARMEN,ENCAMP,MANNER,MEANER,MENACE,PANNER,PENMAN,PENMEN,PENNAE,PENNER,PRANCE,PREMAN,PREMEN,RACEME,RECANE,RENAME,MENACER,PENANCE,PENNAME,PRENAME,PERMEANCE,REMANENCE,PERMANENCE,,,,,,,,,,,,,,,,,,,,,,,,,,,,,,,,,,,,,,,,,,,,,,,,,,,,,,,,,,,,,,,,,,,,,,,,,,,,,,,,,,,,,,,,,,,,,,,,,,,,,,,,,,,,,,,,,,,,,,,,,,,,,,,,,,,,,,,,,,,,,,,,,,,,,,,,,,,,,,,,,,,,,,,,,,,,,,,,,,,,,,,,,,,,,,,,,,,,,,,,,,,,,,,,,,,,,,,,,,,,,,,,,,,,,,,,,,,,,,,,,,,,,,,,,,,,,,,
43,pioneer,7,80,I,EN,ER,IN,NE,NO,OE,OI,ON,OP,OR,PE,PI,RE,EON,ERE,ERN,ION,IRE,NEE,NIP,NOR,ONE,OPE,ORE,PEE,PEN,PER,PIE,PIN,POI,PRO,REE,REI,REP,RIN,RIP,ROE,ERNE,INRO,IRON,NEEP,NOIR,NOPE,NORI,OPEN,PEEN,PEER,PEIN,PEON,PERE,PERI,PIER,PINE,PION,PIRN,PONE,PORE,PORN,PREE,REIN,REPO,RIPE,ROPE,IRONE,OPINE,ORPIN,PREEN,PRION,PRONE,REPIN,RIPEN,OPENER,ORPINE,PEREON,PERNIO,REOPEN,REPINE,PEREION,PIONEER,,,,,,,,,,,,,,,,,,,,,,,,,,,,,,,,,,,,,,,,,,,,,,,,,,,,,,,,,,,,,,,,,,,,,,,,,,,,,,,,,,,,,,,,,,,,,,,,,,,,,,,,,,,,,,,,,,,,,,,,,,,,,,,,,,,,,,,,,,,,,,,,,,,,,,,,,,,,,,,,,,,,,,,,,,,,,,,,,,,,,,,,,,,,,,,,,,,,,,,,,,,,,,,,,,,,,,,,,,,,,,,,,,,,,,,,,,,,,,,,,,,,,,,,,,,,,,,,,,,,,,,,,,,,,,,,,,,,,,,,,,,,,,,,,,,,,,,,,,,,,,,,,,,,,,,,,,,,,,,,,,,,,,,,,,,,,,,,,,,,,,,,,,,,,
44,hesitate,8,131,A,I,AE,AH,AI,AS,AT,EH,ES,ET,HA,HE,HI,IS,IT,SH,SI,TA,TI,AHI,AHS,AIS,AIT,ASH,ATE,ATT,EAT,ETA,ETH,HAE,HAS,HAT,HES,HET,HIE,HIS,HIT,ITS,SAE,SAT,SEA,SEE,SEI,SET,SHA,SHE,SIT,TAE,TAS,TAT,TEA,TEE,TET,THE,TIE,TIS,TIT,AHIS,AITS,ATES,EASE,EAST,EATH,EATS,ETAS,ETHS,HAES,HAET,HAST,HATE,HATS,HEAT,HEST,HETS,HIES,HIST,HITS,SATE,SATI,SEAT,SETA,SETT,SHAT,SHEA,SHIT,SITE,SITH,STAT,STET,TATE,TATS,TEAS,TEAT,TEES,TEST,TETH,TETS,THAE,THAT,THEE,THIS,TIES,TITS,HAETS,HASTE,HATES,HEATS,HEIST,SAITH,SETAE,SHEET,STATE,TASTE,TATES,TEASE,TEATS,TEETH,TESTA,TETHS,THESE,THETA,TITHE,ESTATE,SAITHE,TESTAE,THEIST,THETAS,TITHES,ATHEIST,STAITHE,HESITATE,,,,,,,,,,,,,,,,,,,,,,,,,,,,,,,,,,,,,,,,,,,,,,,,,,,,,,,,,,,,,,,,,,,,,,,,,,,,,,,,,,,,,,,,,,,,,,,,,,,,,,,,,,,,,,,,,,,,,,,,,,,,,,,,,,,,,,,,,,,,,,,,,,,,,,,,,,,,,,,,,,,,,,,,,,,,,,,,,,,,,,,,,,,,,,,,,,,,,,,,,,,,,,,,,,,,,,,,,,,,,,,,,,,,,,,,,,,,,,,,,,,,,,,,,,,,,,,,,,,,,,,,,,,,,,,,,,,,,,,,,,,,,,,,,,,,,,,,,,
45,language,8,93,A,AA,AE,AG,AL,AN,EL,EN,LA,NA,NE,NU,UN,AAL,AGA,AGE,ALA,ALE,ANA,ANE,EAU,EGG,ENG,GAE,GAG,GAL,GAN,GEL,GEN,GNU,GUL,GUN,LAG,LEA,LEG,LEU,LUG,NAE,NAG,NEG,AGUE,ALAE,ALAN,ALGA,ANAL,ANGA,EGAL,ELAN,GAEN,GAGA,GAGE,GALA,GALE,GANE,GANG,GAUN,GENU,GLEG,GLEN,GLUE,GLUG,GUAN,LANE,LANG,LEAN,LUGE,LUNA,LUNE,LUNG,NALA,ULAN,ULNA,ALANE,ALANG,ALGAE,ANGEL,ANGLE,GALEA,GAUGE,GENUA,GLEAN,GULAG,LAGAN,LAUAN,LUNGE,ULNAE,ANLAGE,GALENA,GANGUE,LAGUNA,LAGUNE,LANGUE,LANGUAGE,,,,,,,,,,,,,,,,,,,,,,,,,,,,,,,,,,,,,,,,,,,,,,,,,,,,,,,,,,,,,,,,,,,,,,,,,,,,,,,,,,,,,,,,,,,,,,,,,,,,,,,,,,,,,,,,,,,,,,,,,,,,,,,,,,,,,,,,,,,,,,,,,,,,,,,,,,,,,,,,,,,,,,,,,,,,,,,,,,,,,,,,,,,,,,,,,,,,,,,,,,,,,,,,,,,,,,,,,,,,,,,,,,,,,,,,,,,,,,,,,,,,,,,,,,,,,,,,,,,,,,,,,,,,,,,,,,,,,,,,,,,,,,,,,,,,,,,,,,,,,,,,,,,,,,,,,,,,,,,,,,,,,,,,,,,,,,,,
46,boundary,8,165,A,AB,AD,AN,AR,AY,BA,BO,BY,DO,NA,NO,NU,OD,ON,OR,OY,UN,YA,YO,ABO,ABY,ADO,AND,ANY,ARB,BAD,BAN,BAR,BAY,BOA,BOD,BOY,BRA,BRO,BUD,BUN,BUR,BUY,DAB,DAN,DAY,DON,DOR,DRY,DUB,DUN,DUO,NAB,NAY,NOB,NOD,NOR,NUB,OAR,OBA,ODA,ORA,ORB,OUD,OUR,RAD,RAN,RAY,ROB,ROD,RUB,RUN,RYA,UDO,URB,URD,URN,YAR,YOB,YOD,YON,YOU,BAND,BARD,BARN,BAUD,BOAR,BODY,BOND,BONY,BORA,BORN,BRAD,BRAN,BRAY,BUNA,BUND,BUOY,BURA,BURD,BURN,BURY,DARB,DARN,DAUB,DOBY,DONA,DORY,DOUR,DRAB,DRAY,DRUB,DURA,DURN,DURO,NARD,NARY,NURD,ORAD,ORBY,RAND,ROAD,ROAN,RUBY,RYND,UDON,UNDO,UNDY,YARD,YARN,YAUD,YOND,YOUR,YUAN,ADORN,ANDRO,BANDY,BARNY,BARON,BAYOU,BOARD,BOUND,BOURN,BOYAR,BRAND,BROAD,BUNYA,BURAN,DAUBY,DOBRA,DOURA,RADON,RANDY,RAYON,ROUND,UNARY,UNBAR,URBAN,YOURN,ABOUND,AROUND,BARONY,BARYON,BOYARD,BRANDY,BYROAD,DAUBRY,ROBAND,BOUNDARY,,,,,,,,,,,,,,,,,,,,,,,,,,,,,,,,,,,,,,,,,,,,,,,,,,,,,,,,,,,,,,,,,,,,,,,,,,,,,,,,,,,,,,,,,,,,,,,,,,,,,,,,,,,,,,,,,,,,,,,,,,,,,,,,,,,,,,,,,,,,,,,,,,,,,,,,,,,,,,,,,,,,,,,,,,,,,,,,,,,,,,,,,,,,,,,,,,,,,,,,,,,,,,,,,,,,,,,,,,,,,,,,,,,,,,,,,,,,,,,,,,,,,,,,,,,,,,,,,,,,,,,,
47,confirm,7,64,I,IF,IN,MI,MO,NO,OF,OI,OM,ON,OR,CON,COR,FIN,FIR,FON,FOR,FRO,ION,MIC,MIR,MOC,MON,MOR,NIM,NOM,NOR,ORC,RIF,RIM,RIN,ROC,ROM,CION,COIF,COIN,COIR,CONI,CORF,CORM,CORN,FICO,FINO,FIRM,FIRN,FOCI,FOIN,FORM,FROM,ICON,INFO,INRO,IRON,MORN,NOIR,NORI,NORM,MICRO,MINOR,ORCIN,FORMIC,INFORM,MICRON,CONFIRM,,,,,,,,,,,,,,,,,,,,,,,,,,,,,,,,,,,,,,,,,,,,,,,,,,,,,,,,,,,,,,,,,,,,,,,,,,,,,,,,,,,,,,,,,,,,,,,,,,,,,,,,,,,,,,,,,,,,,,,,,,,,,,,,,,,,,,,,,,,,,,,,,,,,,,,,,,,,,,,,,,,,,,,,,,,,,,,,,,,,,,,,,,,,,,,,,,,,,,,,,,,,,,,,,,,,,,,,,,,,,,,,,,,,,,,,,,,,,,,,,,,,,,,,,,,,,,,,,,,,,,,,,,,,,,,,,,,,,,,,,,,,,,,,,,,,,,,,,,,,,,,,,,,,,,,,,,,,,,,,,,,,,,,,,,,,,,,,,,,,,,,,,,,,,,,,,,,,,,,,,,,,,
48,designer,8,259,I,DE,ED,EN,ER,ES,ID,IN,IS,NE,RE,SI,DEE,DEN,DIE,DIG,DIN,DIS,EDS,END,ENG,ENS,ERE,ERG,ERN,ERS,GED,GEE,GEN,GID,GIE,GIN,IDS,INS,IRE,NEE,NEG,RED,REE,REG,REI,RES,RID,RIG,RIN,SEE,SEG,SEI,SEN,SER,SIN,SIR,SRI,DEER,DEES,DENE,DENI,DENS,DERE,DIES,DIGS,DINE,DING,DINS,DIRE,DREE,DREG,EDGE,EGER,EGIS,EIDE,ENDS,ENGS,ERGS,ERNE,ERNS,ESNE,GEDS,GEED,GEES,GENE,GENS,GIDS,GIED,GIEN,GIES,GINS,GIRD,GIRN,GREE,GRID,GRIN,IDES,IRED,IRES,NEED,NEGS,NERD,NIDE,REDE,REDS,REED,REES,REGS,REIN,REIS,REND,RIDE,RIDS,RIGS,RIND,RING,RINS,RISE,SEED,SEEN,SEER,SEND,SENE,SERE,SIDE,SIGN,SINE,SING,SIRE,SNED,DEERS,DEIGN,DENES,DENSE,DIENE,DINER,DINES,DINGE,DINGS,DIRGE,DREES,DREGS,DRIES,EDGER,EDGES,EGERS,EIDER,ENDER,ERNES,GENES,GENIE,GENRE,GIRDS,GIRNS,GREED,GREEN,GREES,GRIDE,GRIDS,GRIND,GRINS,NEEDS,NERDS,NIDES,REDES,REEDS,REGES,REIGN,REINS,RENDS,RENIG,RESID,RESIN,RIDES,RIDGE,RINDS,RINGS,RINSE,RISEN,SEDER,SEDGE,SEGNI,SEINE,SENGI,SERED,SERGE,SERIN,SIEGE,SINGE,SIRED,SIREE,SIREN,SNEER,SNIDE,DEIGNS,DENIER,DENIES,DENSER,DESIGN,DESIRE,DIENES,DINERS,DINGER,DINGES,DIRGES,EDGERS,EDGIER,EIDERS,ENDERS,ENGIRD,GENDER,GENIES,GENRES,GIRNED,GREEDS,GREENS,GRIDES,GRINDS,NEREID,NEREIS,REDING,REIGNS,REINED,RENIGS,RESEND,RESIDE,RESIGN,RIDGES,RINGED,RINSED,SEEING,SEINED,SEINER,SENDER,SEREIN,SERGED,SERINE,SERING,SIEGED,SIGNED,SIGNEE,SIGNER,SINGED,SINGER,SNIDER,DENIERS,DINGERS,DREEING,ENERGID,ENGIRDS,GENDERS,GREISEN,NEREIDS,REEDING,REIGNED,RESINED,SEDGIER,SEEDING,DESIGNER,ENERGIDS,REDESIGN,REEDINGS,RESIGNED,,,,,,,,,,,,,,,,,,,,,,,,,,,,,,,,,,,,,,,,,,,,,,,,,,,,,,,,,,,,,,,,,,,,,,,,,,,,,,,,,,,,,,,,,,,,,,,,,,,,,,,,,,,,,,,,,,,,,,,,,,,,,,,,,,,,,,,,,,,,,,,,,,,,,,,,,,,,,,,,,,,,,,,,,,
49,entertain,9,188,A,I,AE,AI,AN,AR,AT,EN,ER,ET,IN,IT,NA,NE,RE,TA,TI,AIN,AIR,AIT,ANE,ANI,ANT,ARE,ART,ATE,ATT,EAR,EAT,ERA,ERE,ERN,ETA,INN,IRE,NAE,NAN,NEE,NET,NIT,RAI,RAN,RAT,REE,REI,RET,RIA,RIN,TAE,TAN,TAR,TAT,TEA,TEE,TEN,TET,TIE,TIN,TIT,AIRN,AIRT,ANTE,ANTI,EARN,ERNE,ETNA,NEAR,NEAT,NENE,NETT,NINE,NITE,RAIN,RANI,RANT,RATE,REIN,RENT,RETE,RITE,TAIN,TARE,TARN,TART,TATE,TEAR,TEAT,TEEN,TENT,TERN,TIER,TINE,TINT,TIRE,TREE,TRET,AERIE,ANENT,ANTRE,ARENE,ARETE,EATEN,EATER,ENATE,ENTER,ENTIA,INANE,INERT,INNER,INTER,IRATE,NITER,NITRE,RANEE,RENIN,RENTE,RETIA,RETIE,RIANT,TAINT,TATER,TENET,TENIA,TERAI,TERNE,TETRA,TETRI,TINEA,TITAN,TITER,TITRE,TRAIN,TRAIT,TREAT,TREEN,TRINE,TRITE,ATTIRE,ENTERA,ENTIRE,INANER,INNATE,INTENT,INTERN,NARINE,NATTER,NEATEN,NEATER,NETTER,RATINE,RATITE,RATTEN,RENNET,RETAIN,RETINA,RETINE,RETINT,TANNER,TENANT,TENIAE,TENNER,TENTER,TENTIE,TINNER,TINTER,TRIENE,ARENITE,ARIETTE,ENTRAIN,ENTRANT,ENTREAT,INTERNE,INTRANT,INTREAT,ITERANT,ITERATE,NATTIER,NETTIER,NITRATE,RATTEEN,RETINAE,TENTIER,TERNATE,TERTIAN,TRAINEE,INTRANET,RENITENT,ENTERTAIN,,,,,,,,,,,,,,,,,,,,,,,,,,,,,,,,,,,,,,,,,,,,,,,,,,,,,,,,,,,,,,,,,,,,,,,,,,,,,,,,,,,,,,,,,,,,,,,,,,,,,,,,,,,,,,,,,,,,,,,,,,,,,,,,,,,,,,,,,,,,,,,,,,,,,,,,,,,,,,,,,,,,,,,,,,,,,,,,,,,,,,,,,,,,,,,,,,,,,,,,,,,,,,,,,,,,,,,,,,,,,,,,,,,,,,,,,,,,,,,,,
50,gallery,7,94,A,AE,AG,AL,AR,AY,EL,ER,LA,RE,YA,YE,AGE,ALE,ALL,ARE,AYE,EAR,ELL,ERA,ERG,GAE,GAL,GAR,GAY,GEL,GEY,LAG,LAR,LAY,LEA,LEG,LEY,LYE,RAG,RAY,REG,RYA,RYE,YAG,YAR,YEA,AERY,AGER,AGLY,ALLY,ARYL,EARL,EGAL,EYRA,GALE,GALL,GEAR,GLEY,GRAY,GREY,GYRE,LEAL,LEAR,LYRE,RAGE,RALE,REAL,RELY,YARE,YEAR,YELL,AGLEY,ALLEY,ARGLE,EARLY,GALLY,GAYER,GLARE,GLARY,GYRAL,LAGER,LARGE,LAYER,LEARY,LEGAL,RALLY,REGAL,RELAY,YAGER,ARGYLE,ARGYLL,GALLEY,RALLYE,REALLY,ALLERGY,GALLERY,LARGELY,REGALLY,,,,,,,,,,,,,,,,,,,,,,,,,,,,,,,,,,,,,,,,,,,,,,,,,,,,,,,,,,,,,,,,,,,,,,,,,,,,,,,,,,,,,,,,,,,,,,,,,,,,,,,,,,,,,,,,,,,,,,,,,,,,,,,,,,,,,,,,,,,,,,,,,,,,,,,,,,,,,,,,,,,,,,,,,,,,,,,,,,,,,,,,,,,,,,,,,,,,,,,,,,,,,,,,,,,,,,,,,,,,,,,,,,,,,,,,,,,,,,,,,,,,,,,,,,,,,,,,,,,,,,,,,,,,,,,,,,,,,,,,,,,,,,,,,,,,,,,,,,,,,,,,,,,,,,,,,,,,,,,,,,,,,,,,,,,,,,,